----------------------------------------------------------------------------------------

DROP TABLE IF EXISTS AVAL_OPERADOR
CREATE TABLE  AVAL_OPERADOR
(
	ID INT IDENTITY(1,1), 
	CODIGO VARCHAR(32) NULL, 
	NOME VARCHAR(20) NULL, 
	ADMISSAO DATETIME NULL,
	CENTROOPERACAO INT NULL,
	ATIVO BIT NULL 
)
----------------------------------------------------------------------------------------


DROP TABLE IF EXISTS AVAL_CO_AVALIACAO
CREATE TABLE  AVAL_CO_AVALIACAO
(
	ID INT IDENTITY(1,1), 
	AVALIACAO INT NULL, 
	CENTROOPERACAO INT NULL
)

----------------------------------------------------------------------------------------

DROP TABLE IF EXISTS AVAL_CENTROOPERACAO
CREATE TABLE  AVAL_CENTROOPERACAO
(
	ID INT IDENTITY(1,1), 
	CODIGO VARCHAR(32) NULL, 
	NOME VARCHAR(80) NULL, 
	ATIVO BIT NULL 
)
INSERT INTO AVAL_CENTROOPERACAO (CODIGO, NOME, ATIVO) VALUES ('NORDESTE', 'NORDESTE', 1)
INSERT INTO AVAL_CENTROOPERACAO (CODIGO, NOME, ATIVO) VALUES ('NOROESTE', 'NOROESTE', 1)
INSERT INTO AVAL_CENTROOPERACAO (CODIGO, NOME, ATIVO) VALUES ('PIRATININGA', 'PIRATININGA', 1)
INSERT INTO AVAL_CENTROOPERACAO (CODIGO, NOME, ATIVO) VALUES ('SUDESTE', 'SUDESTE', 1)

----------------------------------------------------------------------------------------

DROP TABLE IF EXISTS AVAL_EQUIPAMENTO
CREATE TABLE AVAL_EQUIPAMENTO
(
	ID INT IDENTITY(1,1), 
	CODIGO VARCHAR(32) NULL, 
	SIGLA VARCHAR(32) NULL, 
	NOME VARCHAR(80) NULL
)
insert into AVAL_EQUIPAMENTO (CODIGO, SIGLA, NOME) values ('1', 'DJ', 'Disjuntor')
insert into AVAL_EQUIPAMENTO (CODIGO, SIGLA, NOME) values ('2', 'CS', 'Chave Seccionadora')
insert into AVAL_EQUIPAMENTO (CODIGO, SIGLA, NOME) values ('3', 'FU', 'Fusível')
insert into AVAL_EQUIPAMENTO (CODIGO, SIGLA, NOME) values ('4', 'CF', 'Chave Faca')
insert into AVAL_EQUIPAMENTO (CODIGO, SIGLA, NOME) values ('5', 'RA', 'Religador')
insert into AVAL_EQUIPAMENTO (CODIGO, SIGLA, NOME) values ('6', 'TR', 'Transformador')
insert into AVAL_EQUIPAMENTO (CODIGO, SIGLA, NOME) values ('7', 'CO', 'Chave a Óleo')
insert into AVAL_EQUIPAMENTO (CODIGO, SIGLA, NOME) values ('8', 'CT', 'Chave Tripolar')
insert into AVAL_EQUIPAMENTO (CODIGO, SIGLA, NOME) values ('9', 'LD', 'Chave Lâmina Desligadora')
insert into AVAL_EQUIPAMENTO (CODIGO, SIGLA, NOME) values ('10', 'CG', 'Chave a Gás')
insert into AVAL_EQUIPAMENTO (CODIGO, SIGLA, NOME) values ('11', 'PTR', 'Chave a Óleo Automatizada')
insert into AVAL_EQUIPAMENTO (CODIGO, SIGLA, NOME) values ('12', 'AL', 'Alimentador')
insert into AVAL_EQUIPAMENTO (CODIGO, SIGLA, NOME) values ('13', 'CH', 'Chave')

----------------------------------------------------------------------------------------

DROP TABLE IF EXISTS AVAL_ACAOMANOBRA
CREATE TABLE AVAL_ACAOMANOBRA
(
	ID INT IDENTITY(1,1), 
    NOME VARCHAR(80) NULL
)
INSERT INTO AVAL_ACAOMANOBRA (NOME) VALUES ('Fechar')
INSERT INTO AVAL_ACAOMANOBRA (NOME) VALUES ('Abrir')
INSERT INTO AVAL_ACAOMANOBRA (NOME) VALUES ('Reconectar')
INSERT INTO AVAL_ACAOMANOBRA (NOME) VALUES ('Restaurar')
INSERT INTO AVAL_ACAOMANOBRA (NOME) VALUES ('Ligar')
INSERT INTO AVAL_ACAOMANOBRA (NOME) VALUES ('Desligar')

----------------------------------------------------------------------------------------

DROP TABLE IF EXISTS AVAL_ARVORE
create table AVAL_ARVORE
(
	ID INT IDENTITY(1,1), 
	NOME VARCHAR(200)  NULL, 
	OPERADOR VARCHAR (12) NULL, 
	REGIONAL INT  NULL, 
	CONTINGENCIA INT  NULL, 
	NOTA FLOAT  NULL, 
	AUTOMATICO BIT  NULL, 
	DATA DATETIME NULL, 
	DISTRIBUICAO BIT NULL,
    OBSERVACAO VARCHAR(200) NULL 
)

----------------------------------------------------------------------------------------

DROP TABLE IF EXISTS AVAL_CRITERIO
CREATE TABLE AVAL_CRITERIO
(
	ID INT IDENTITY(1,1), 
	CODIGO INT NULL, 
	NOME VARCHAR(80) NULL, 
	PESO FLOAT  NULL, 
	DESVIO FLOAT  NULL, 
	DISTRIBUICAO BIT NULL, 
	ATIVO BIT  NULL, 
	SUBCRITERIO BIT  NULL, 
	AVALIACAO INT  NULL,
    OBSERVACAO VARCHAR(200) NULL	
)

----------------------------------------------------------------------------------------
DROP TABLE IF EXISTS AVAL_CRITERIOSEGURANCA
CREATE TABLE AVAL_CRITERIOSEGURANCA
(
	ID INT IDENTITY(1,1), 
	RISCO1 BIT NULL,
	RISCO2 BIT NULL,
	RISCO3 BIT NULL,
	RISCO4 BIT NULL,
	RISCO5 BIT NULL,
	CRITERIO INT NULL	
)

----------------------------------------------------------------------------------------


DROP TABLE IF EXISTS AVAL_CASO
CREATE TABLE AVAL_CASO
(
	ID INT IDENTITY(1,1), 
	ALIMENTADOR VARCHAR(80)  NULL, 
	DESCRICAO VARCHAR(200) , 
	OCORRENCIA VARCHAR(80) , 
	OPERADOR VARCHAR(80) , 
	SUBESTACAO VARCHAR(80)  NULL, 
	DISPOSITIVO VARCHAR(80)  NULL, 
	DATA DATETIME  NULL 
)

-- INSERE CASOS PARA TESTE (MAZ10 E CJU06)
INSERT INTO AVAL_CASO VALUES ('MAZ10','CASO MAZ10','6880542','c3006211','MAZ','30242',GETDATE())
INSERT INTO AVAL_CASO VALUES ('CJU06','CASO CJU06','6881634','SRS','CJU','45435',GETDATE())

----------------------------------------------------------------------------------------

DROP TABLE IF EXISTS AVAL_PLANOMANOBRA
CREATE TABLE AVAL_PLANOMANOBRA
(
	ID INT IDENTITY(1,1), 
	DESCRICAO VARCHAR(200)  NULL, 
	OPERADOR VARCHAR(12) NULL, 
	CENTROOPERACAO INT  NULL, 
	CONTINGENCIA INT  NULL, 
	LOCALIZACAO VARCHAR(80), 
	EQUIPAMENTOFALHA VARCHAR(80), 
	DATA DATETIME  NULL
)

----------------------------------------------------------------------------------------

DROP TABLE IF EXISTS AVAL_MANOBRA
CREATE TABLE AVAL_MANOBRA
(
	ID INT IDENTITY(1,1), 
	SEQUENCIA INT  NULL, 
	TEMPO VARCHAR(20)  NULL, 
	OBJETO VARCHAR(20), 
	ACAO INT NULL, 
	PLANOMANOBRA INT NULL, 
	REFERENCIA BIT NULL, 
	ACAOCORRETA BIT NULL
)

----------------------------------------------------------------------------------------

DROP TABLE IF EXISTS AVAL_VALORPADRAO
CREATE TABLE AVAL_VALORPADRAO
(
	ID INT IDENTITY(1,1), 
	CHAVE VARCHAR(80) NULL, 
	VALOR VARCHAR(80) NULL, 
	DATAALTERACAO DATETIME  NULL
)
insert into AVAL_VALORPADRAO (CHAVE, VALOR, DATAALTERACAO) values ('DIST_TENSAOADEQUADO','1',GETDATE())
insert into AVAL_VALORPADRAO (CHAVE, VALOR, DATAALTERACAO) values ('DIST_TENSAORAZOAVEL','0.8',GETDATE())
insert into AVAL_VALORPADRAO (CHAVE, VALOR, DATAALTERACAO) values ('DIST_TENSAOINADEQUADO','0',GETDATE())
insert into AVAL_VALORPADRAO (CHAVE, VALOR, DATAALTERACAO) values ('DIST_MAGNITUDETENSAO','ADEQUADO',GETDATE())
insert into AVAL_VALORPADRAO (CHAVE, VALOR, DATAALTERACAO) values ('DIST_CARREGAMENTOADEQUADO','1',GETDATE())
insert into AVAL_VALORPADRAO (CHAVE, VALOR, DATAALTERACAO) values ('DIST_CARREGAMENTORAZOAVEL','0.8',GETDATE())
insert into AVAL_VALORPADRAO (CHAVE, VALOR, DATAALTERACAO) values ('DIST_CARREGAMENTOINADEQUADO','0',GETDATE())
insert into AVAL_VALORPADRAO (CHAVE, VALOR, DATAALTERACAO) values ('DIST_VARIACAOCARREGAMENTO','ADEQUADO',GETDATE())
insert into AVAL_VALORPADRAO (CHAVE, VALOR, DATAALTERACAO) values ('DIST_TEMPOFILALIMITE','6',GETDATE())
insert into AVAL_VALORPADRAO (CHAVE, VALOR, DATAALTERACAO) values ('DIST_TEMPOFILAPADRAO','0',GETDATE())
insert into AVAL_VALORPADRAO (CHAVE, VALOR, DATAALTERACAO) values ('DIST_CHAVEAMENTO','SIM',GETDATE())
insert into AVAL_VALORPADRAO (CHAVE, VALOR, DATAALTERACAO) values ('DIST_SEGURANCAREDE','NAO',GETDATE())
insert into AVAL_VALORPADRAO (CHAVE, VALOR, DATAALTERACAO) values ('DIST_DMGERAL','SIM',GETDATE())
insert into AVAL_VALORPADRAO (CHAVE, VALOR, DATAALTERACAO) values ('DIST_DM','75',GETDATE())
insert into AVAL_VALORPADRAO (CHAVE, VALOR, DATAALTERACAO) values ('DIST_DMCHAVE','75',GETDATE())
insert into AVAL_VALORPADRAO (CHAVE, VALOR, DATAALTERACAO) values ('DIST_DMTRANSFORMADOR','90',GETDATE())
insert into AVAL_VALORPADRAO (CHAVE, VALOR, DATAALTERACAO) values ('DIST_DMRELIGADOR','60',GETDATE())
insert into AVAL_VALORPADRAO (CHAVE, VALOR, DATAALTERACAO) values ('DIST_DMDISJUNTOR','40',GETDATE())
insert into AVAL_VALORPADRAO (CHAVE, VALOR, DATAALTERACAO) values ('DIST_CONTEMPOMINIMO','6',GETDATE())
insert into AVAL_VALORPADRAO (CHAVE, VALOR, DATAALTERACAO) values ('DIST_CONTEMPOMEDIO','60',GETDATE())
insert into AVAL_VALORPADRAO (CHAVE, VALOR, DATAALTERACAO) values ('DIST_CONTEMPOMAXIMO','60',GETDATE())
insert into AVAL_VALORPADRAO (CHAVE, VALOR, DATAALTERACAO) values ('DIST_CONDESVIOMINIMO','16.60',GETDATE())
insert into AVAL_VALORPADRAO (CHAVE, VALOR, DATAALTERACAO) values ('DIST_CONDESVIOMEDIO','6.5',GETDATE())
insert into AVAL_VALORPADRAO (CHAVE, VALOR, DATAALTERACAO) values ('DIST_CONDESVIOMAXIMO','3.0',GETDATE())
insert into AVAL_VALORPADRAO (CHAVE, VALOR, DATAALTERACAO) values ('DIST_HABTEMPOMINIMO','6',GETDATE())
insert into AVAL_VALORPADRAO (CHAVE, VALOR, DATAALTERACAO) values ('DIST_HABTEMPOMEDIO','60',GETDATE())
insert into AVAL_VALORPADRAO (CHAVE, VALOR, DATAALTERACAO) values ('DIST_HABTEMPOMAXIMO','60',GETDATE())
insert into AVAL_VALORPADRAO (CHAVE, VALOR, DATAALTERACAO) values ('DIST_HABDESVIOMINIMO','8.0',GETDATE())
insert into AVAL_VALORPADRAO (CHAVE, VALOR, DATAALTERACAO) values ('DIST_HABDESVIOMEDIO','1.3',GETDATE())
insert into AVAL_VALORPADRAO (CHAVE, VALOR, DATAALTERACAO) values ('DIST_HABDESVIOMAXIMO','0.3',GETDATE())
insert into AVAL_VALORPADRAO (CHAVE, VALOR, DATAALTERACAO) values ('TRANS_TENSAOADEQUADO','1',GETDATE())
insert into AVAL_VALORPADRAO (CHAVE, VALOR, DATAALTERACAO) values ('TRANS_TENSAORAZOAVEL','0.8',GETDATE())
insert into AVAL_VALORPADRAO (CHAVE, VALOR, DATAALTERACAO) values ('TRANS_TENSAOINADEQUADO','0',GETDATE())
insert into AVAL_VALORPADRAO (CHAVE, VALOR, DATAALTERACAO) values ('TRANS_LIMITETENSAO','ADEQUADO',GETDATE())
insert into AVAL_VALORPADRAO (CHAVE, VALOR, DATAALTERACAO) values ('TRANS_CARREGAMENTOADEQUADO','1',GETDATE())
insert into AVAL_VALORPADRAO (CHAVE, VALOR, DATAALTERACAO) values ('TRANS_CARREGAMENTORAZOAVEL','0.8',GETDATE())
insert into AVAL_VALORPADRAO (CHAVE, VALOR, DATAALTERACAO) values ('TRANS_CARREGAMENTOINADEQUADO','0',GETDATE())
insert into AVAL_VALORPADRAO (CHAVE, VALOR, DATAALTERACAO) values ('TRANS_LIMITECARREGAMENTO','ADEQUADO',GETDATE())
insert into AVAL_VALORPADRAO (CHAVE, VALOR, DATAALTERACAO) values ('TRANS_CHI','0',GETDATE())
insert into AVAL_VALORPADRAO (CHAVE, VALOR, DATAALTERACAO) values ('TRANS_CI','0',GETDATE())
insert into AVAL_VALORPADRAO (CHAVE, VALOR, DATAALTERACAO) values ('TRANS_MUST','NAO',GETDATE())
insert into AVAL_VALORPADRAO (CHAVE, VALOR, DATAALTERACAO) values ('TRANS_SEGURANCA','NAO',GETDATE())
insert into AVAL_VALORPADRAO (CHAVE, VALOR, DATAALTERACAO) values ('TRANS_RESTABELECIMENTO','NAO',GETDATE())
insert into AVAL_VALORPADRAO (CHAVE, VALOR, DATAALTERACAO) values ('TRANS_DMADEQUADO','1',GETDATE())
insert into AVAL_VALORPADRAO (CHAVE, VALOR, DATAALTERACAO) values ('TRANS_DMRAZOAVEL','0.8',GETDATE())
insert into AVAL_VALORPADRAO (CHAVE, VALOR, DATAALTERACAO) values ('TRANS_DMINADEQUADO','0',GETDATE())
insert into AVAL_VALORPADRAO (CHAVE, VALOR, DATAALTERACAO) values ('TRANS_DMINFERIOR','55',GETDATE())
insert into AVAL_VALORPADRAO (CHAVE, VALOR, DATAALTERACAO) values ('TRANS_DMSUPERIOR','110',GETDATE())
insert into AVAL_VALORPADRAO (CHAVE, VALOR, DATAALTERACAO) values ('TRANS_CHIADEQUADO','1',GETDATE())
insert into AVAL_VALORPADRAO (CHAVE, VALOR, DATAALTERACAO) values ('TRANS_CHIRAZOAVEL','0.8',GETDATE())
insert into AVAL_VALORPADRAO (CHAVE, VALOR, DATAALTERACAO) values ('TRANS_CHIINADEQUADO','0',GETDATE())
insert into AVAL_VALORPADRAO (CHAVE, VALOR, DATAALTERACAO) values ('TRANS_CHIINFERIOR','10000',GETDATE())
insert into AVAL_VALORPADRAO (CHAVE, VALOR, DATAALTERACAO) values ('TRANS_CHISUPERIOR','15000',GETDATE())
insert into AVAL_VALORPADRAO (CHAVE, VALOR, DATAALTERACAO) values ('TRANS_CONTEMPOMINIMO','6',GETDATE())
insert into AVAL_VALORPADRAO (CHAVE, VALOR, DATAALTERACAO) values ('TRANS_CONTEMPOMEDIO','60',GETDATE())
insert into AVAL_VALORPADRAO (CHAVE, VALOR, DATAALTERACAO) values ('TRANS_CONTEMPOMAXIMO','60',GETDATE())
insert into AVAL_VALORPADRAO (CHAVE, VALOR, DATAALTERACAO) values ('TRANS_CONDESVIOMINIMO','16.60',GETDATE())
insert into AVAL_VALORPADRAO (CHAVE, VALOR, DATAALTERACAO) values ('TRANS_CONDESVIOMEDIO','6.5',GETDATE())
insert into AVAL_VALORPADRAO (CHAVE, VALOR, DATAALTERACAO) values ('TRANS_CONDESVIOMAXIMO','3.0',GETDATE())
insert into AVAL_VALORPADRAO (CHAVE, VALOR, DATAALTERACAO) values ('TRANS_HABTEMPOMINIMO','6',GETDATE())
insert into AVAL_VALORPADRAO (CHAVE, VALOR, DATAALTERACAO) values ('TRANS_HABTEMPOMEDIO','60',GETDATE())
insert into AVAL_VALORPADRAO (CHAVE, VALOR, DATAALTERACAO) values ('TRANS_HABTEMPOMAXIMO','60',GETDATE())
insert into AVAL_VALORPADRAO (CHAVE, VALOR, DATAALTERACAO) values ('TRANS_HABDESVIOMINIMO','8.0',GETDATE())
insert into AVAL_VALORPADRAO (CHAVE, VALOR, DATAALTERACAO) values ('TRANS_HABDESVIOMEDIO','1.3',GETDATE())
insert into AVAL_VALORPADRAO (CHAVE, VALOR, DATAALTERACAO) values ('TRANS_HABDESVIOMAXIMO','0.3',GETDATE())

----------------------------------------------------------------------------------------

DROP TABLE IF EXISTS AVAL_NOS
CREATE TABLE AVAL_NOS
(
	CD_ALIMENTADOR VARCHAR(8) NULL,
	CD_OCORRENCIA INT NULL,
	ID INT NULL,
	DESCRICAO VARCHAR(80) NULL,
	ALIMENTADOR INT  NULL,
	CARGA FLOAT NULL,
	TEMPO_REPARO FLOAT  NULL,
	TAXA_FALHA FLOAT  NULL,
	CONSUMIDORES  INT  NULL,
	CONSUMIDORES_PRIORITARIOS  INT  NULL,
	ENCARGOS FLOAT  NULL,
	CAPACIDADE FLOAT  NULL,
	LATITUDE FLOAT  NULL,
	LONGITUDE FLOAT  NULL
)

----------------------------------------------------------------------------------------

DROP TABLE IF EXISTS AVAL_LINHAS
CREATE TABLE AVAL_LINHAS
(
	CD_ALIMENTADOR VARCHAR(8) NULL,
	CD_OCORRENCIA INT NULL,
	DESCRICAO VARCHAR(80) NULL,
	DE INT NULL,
	PARA INT NULL,
	R FLOAT  NULL,
	X FLOAT  NULL,
	TIPO INT NULL,
	L FLOAT  NULL,
	P FLOAT  NULL,
	Q FLOAT  NULL,
	Z FLOAT  NULL,
	ENERGIA FLOAT  NULL
)

----------------------------------------------------------------------------------------
--		 	INFORMACOES DA REDE CJU (NOS E LINHAS)

insert into AVAL_NOS values ('CJU06',6881634,0,'1110439',0,0,0,0,0,0,0,0,-21.19845809,-47.38666409)
insert into AVAL_NOS values ('CJU06',6881634,1,'1110860',0,0,0,0,0,0,0,0,-21.20206132,-47.38598502)
insert into AVAL_NOS values ('CJU06',6881634,2,'1110968',0,0,0,0,0,0,0,0,-21.19430478,-47.38568642)
insert into AVAL_NOS values ('CJU06',6881634,3,'1110995',0,0,0,0,0,0,0,0,-21.19874519,-47.38571779)
insert into AVAL_NOS values ('CJU06',6881634,4,'1112299',0,0,0,0,0,0,0,0,-21.19934403,-47.38386254)
insert into AVAL_NOS values ('CJU06',6881634,5,'1112625',0,0,0,0,0,0,0,0,-21.19948612,-47.38339301)
insert into AVAL_NOS values ('CJU06',6881634,6,'1112831',0,0,0,0,0,0,0,0,-21.21050765,-47.38322822)
insert into AVAL_NOS values ('CJU06',6881634,7,'1113207',0,0,0,0,0,0,0,0,-21.1989362,-47.38245002)
insert into AVAL_NOS values ('CJU06',6881634,8,'1114108',0,0,0,0,0,0,0,0,-21.2000684,-47.38116851)
insert into AVAL_NOS values ('CJU06',6881634,9,'1114497',0,0,0,0,0,0,0,0,-21.20039307,-47.38055747)
insert into AVAL_NOS values ('CJU06',6881634,10,'1115336',0,0,0,0,0,0,0,0,-21.1937509,-47.37904143)
insert into AVAL_NOS values ('CJU06',6881634,11,'1118103',0,0,0,0,0,0,0,0,-21.20185544,-47.37448077)
insert into AVAL_NOS values ('CJU06',6881634,12,'1118227',0,0,0,0,0,0,0,0,-21.19945744,-47.37422433)
insert into AVAL_NOS values ('CJU06',6881634,13,'1119235',0,0,0,0,0,0,0,0,-21.20256337,-47.37228351)
insert into AVAL_NOS values ('CJU06',6881634,14,'1120506',0,0,0,0,0,0,0,0,-21.19172497,-47.36971663)
insert into AVAL_NOS values ('CJU06',6881634,15,'1120966',0,0,0,0,0,0,0,0,-21.20338864,-47.36919521)
insert into AVAL_NOS values ('CJU06',6881634,16,'1121695',0,0,0,0,0,0,0,0,-21.18877731,-47.36766853)
insert into AVAL_NOS values ('CJU06',6881634,17,'1122355',0,0,0,0,0,0,0,0,-21.21458949,-47.3669375)
insert into AVAL_NOS values ('CJU06',6881634,18,'1122391',0,0,0,0,0,0,0,0,-21.17808117,-47.36628596)
insert into AVAL_NOS values ('CJU06',6881634,19,'1122439',0,0,0,0,0,0,0,0,-21.29449744,-47.36805268)
insert into AVAL_NOS values ('CJU06',6881634,20,'1122652',0,0,0,0,0,0,0,0,-21.17887342,-47.36570841)
insert into AVAL_NOS values ('CJU06',6881634,21,'1122905',0,0,0,0,0,0,0,0,-21.29398072,-47.36697474)
insert into AVAL_NOS values ('CJU06',6881634,22,'1123193',0,0,0,0,0,0,0,0,-21.21705758,-47.36521537)
insert into AVAL_NOS values ('CJU06',6881634,23,'1123226',0,0,0,0,0,0,0,0,-21.24094116,-47.36553137)
insert into AVAL_NOS values ('CJU06',6881634,24,'1123329',0,0,0,0,0,0,0,0,-21.24179263,-47.36537959)
insert into AVAL_NOS values ('CJU06',6881634,25,'1123337',0,0,0,0,0,0,0,0,-21.2158085,-47.3649524)
insert into AVAL_NOS values ('CJU06',6881634,26,'1124056',0,0,0,0,0,0,0,0,-21.22479168,-47.36368728)
insert into AVAL_NOS values ('CJU06',6881634,27,'1124193',0,0,0,0,0,0,0,0,-21.20476508,-47.36311359)
insert into AVAL_NOS values ('CJU06',6881634,28,'1124274',0,0,0,0,0,0,0,0,-21.18907219,-47.36271198)
insert into AVAL_NOS values ('CJU06',6881634,29,'1124446',0,0,0,0,0,0,0,0,-21.1962271,-47.362478)
insert into AVAL_NOS values ('CJU06',6881634,30,'1124464',0,0,0,0,0,0,0,0,-21.18959907,-47.36233832)
insert into AVAL_NOS values ('CJU06',6881634,31,'1124484',0,0,0,0,0,0,0,0,-21.21336275,-47.36266789)
insert into AVAL_NOS values ('CJU06',6881634,32,'1124548',0,0,0,0,0,0,0,0,-21.18381667,-47.36208937)
insert into AVAL_NOS values ('CJU06',6881634,33,'1124824',0,0,0,0,0,0,0,0,-21.19634614,-47.36184547)
insert into AVAL_NOS values ('CJU06',6881634,34,'1124830',0,0,0,0,0,0,0,0,-21.18438043,-47.36164265)
insert into AVAL_NOS values ('CJU06',6881634,35,'1125001',0,0,0,0,0,0,0,0,-21.20475011,-47.36160033)
insert into AVAL_NOS values ('CJU06',6881634,36,'1125094',0,0,0,0,0,0,0,0,-21.29196238,-47.3628064)
insert into AVAL_NOS values ('CJU06',6881634,37,'1125138',0,0,0,0,0,0,0,0,-21.29189442,-47.36270077)
insert into AVAL_NOS values ('CJU06',6881634,38,'1125377',0,0,0,0,0,0,0,0,-21.24542891,-47.36143325)
insert into AVAL_NOS values ('CJU06',6881634,39,'1125491',0,0,0,0,0,0,0,0,-21.2175917,-47.36078401)
insert into AVAL_NOS values ('CJU06',6881634,40,'1125536',0,0,0,0,0,0,0,0,-21.19211312,-47.36032314)
insert into AVAL_NOS values ('CJU06',6881634,41,'1125559',0,0,0,0,0,0,0,0,-21.24665096,-47.36115916)
insert into AVAL_NOS values ('CJU06',6881634,42,'1125820',0,0,0,0,0,0,0,0,-21.21708033,-47.36025085)
insert into AVAL_NOS values ('CJU06',6881634,43,'1126272',0,0,0,0,0,0,0,0,-21.19008901,-47.35892427)
insert into AVAL_NOS values ('CJU06',6881634,44,'1126826',0,0,0,0,0,0,0,0,-21.21332157,-47.35830885)
insert into AVAL_NOS values ('CJU06',6881634,45,'1126842',0,0,0,0,0,0,0,0,-21.1894446,-47.35790193)
insert into AVAL_NOS values ('CJU06',6881634,46,'1127156',0,0,0,0,0,0,0,0,-21.25423666,-47.35831295)
insert into AVAL_NOS values ('CJU06',6881634,47,'1127256',0,0,0,0,0,0,0,0,-21.21530867,-47.35756013)
insert into AVAL_NOS values ('CJU06',6881634,48,'1127432',0,0,0,0,0,0,0,0,-21.23359901,-47.3575531)
insert into AVAL_NOS values ('CJU06',6881634,49,'1127555',0,0,0,0,0,0,0,0,-21.25458435,-47.35767254)
insert into AVAL_NOS values ('CJU06',6881634,50,'1127560',0,0,0,0,0,0,0,0,-21.23333576,-47.35732384)
insert into AVAL_NOS values ('CJU06',6881634,51,'1127679',0,0,0,0,0,0,0,0,-21.28940938,-47.35796889)
insert into AVAL_NOS values ('CJU06',6881634,52,'1128136',0,0,0,0,0,0,0,0,-21.2374353,-47.3560893)
insert into AVAL_NOS values ('CJU06',6881634,53,'1128284',0,0,0,0,0,0,0,0,-21.23415773,-47.35568076)
insert into AVAL_NOS values ('CJU06',6881634,54,'1128306',0,0,0,0,0,0,0,0,-21.23348993,-47.35562632)
insert into AVAL_NOS values ('CJU06',6881634,55,'1128545',0,0,0,0,0,0,0,0,-21.22776734,-47.35501352)
insert into AVAL_NOS values ('CJU06',6881634,56,'1128692',0,0,0,0,0,0,0,0,-21.26331861,-47.35526402)
insert into AVAL_NOS values ('CJU06',6881634,57,'1128758',0,0,0,0,0,0,0,0,-21.25591361,-47.35497437)
insert into AVAL_NOS values ('CJU06',6881634,58,'1128830',0,0,0,0,0,0,0,0,-21.28066292,-47.35521953)
insert into AVAL_NOS values ('CJU06',6881634,59,'1129123',0,0,0,0,0,0,0,0,-21.26488946,-47.35437156)
insert into AVAL_NOS values ('CJU06',6881634,60,'1129218',0,0,0,0,0,0,0,0,-21.23664348,-47.3537422)
insert into AVAL_NOS values ('CJU06',6881634,61,'1129511',0,0,0,0,0,0,0,0,-21.23816907,-47.35318017)
insert into AVAL_NOS values ('CJU06',6881634,62,'1129987',0,0,0,0,0,0,0,0,-21.2271249,-47.35208794)
insert into AVAL_NOS values ('CJU06',6881634,63,'1130046',0,0,0,0,0,0,0,0,-21.23610329,-47.35212455)
insert into AVAL_NOS values ('CJU06',6881634,64,'1130230',0,0,0,0,0,0,0,0,-21.26363991,-47.35217492)
insert into AVAL_NOS values ('CJU06',6881634,65,'1130247',0,0,0,0,0,0,0,0,-21.25707489,-47.35203661)
insert into AVAL_NOS values ('CJU06',6881634,66,'1130268',0,0,0,0,0,0,0,0,-21.23681522,-47.35168366)
insert into AVAL_NOS values ('CJU06',6881634,67,'1130373',0,0,0,0,0,0,0,0,-21.28345785,-47.35221345)
insert into AVAL_NOS values ('CJU06',6881634,68,'1130409',0,0,0,0,0,0,0,0,-21.23742795,-47.35136948)
insert into AVAL_NOS values ('CJU06',6881634,69,'1130484',0,0,0,0,0,0,0,0,-21.24016544,-47.35128279)
insert into AVAL_NOS values ('CJU06',6881634,70,'1130804',0,0,0,0,0,0,0,0,-21.28432181,-47.35136936)
insert into AVAL_NOS values ('CJU06',6881634,71,'1130853',0,0,0,0,0,0,0,0,-21.24362132,-47.35063577)
insert into AVAL_NOS values ('CJU06',6881634,72,'1130956',0,0,0,0,0,0,0,0,-21.24286377,-47.3503873)
insert into AVAL_NOS values ('CJU06',6881634,73,'1131000',0,0,0,0,0,0,0,0,-21.25762379,-47.35052184)
insert into AVAL_NOS values ('CJU06',6881634,74,'1131095',0,0,0,0,0,0,0,0,-21.25974687,-47.35034671)
insert into AVAL_NOS values ('CJU06',6881634,75,'1131197',0,0,0,0,0,0,0,0,-21.28132799,-47.35050034)
insert into AVAL_NOS values ('CJU06',6881634,76,'1131233',0,0,0,0,0,0,0,0,-21.24132638,-47.3497855)
insert into AVAL_NOS values ('CJU06',6881634,77,'1131239',0,0,0,0,0,0,0,0,-21.25559595,-47.34999463)
insert into AVAL_NOS values ('CJU06',6881634,78,'1131249',0,0,0,0,0,0,0,0,-21.28315859,-47.35041605)
insert into AVAL_NOS values ('CJU06',6881634,79,'1131251',0,0,0,0,0,0,0,0,-21.25550392,-47.34997612)
insert into AVAL_NOS values ('CJU06',6881634,80,'1131268',0,0,0,0,0,0,0,0,-21.28290418,-47.3503674)
insert into AVAL_NOS values ('CJU06',6881634,81,'1131300',0,0,0,0,0,0,0,0,-21.28273214,-47.35029192)
insert into AVAL_NOS values ('CJU06',6881634,82,'1131344',0,0,0,0,0,0,0,0,-21.24052082,-47.34952847)
insert into AVAL_NOS values ('CJU06',6881634,83,'1131380',0,0,0,0,0,0,0,0,-21.2601613,-47.34972947)
insert into AVAL_NOS values ('CJU06',6881634,84,'1131388',0,0,0,0,0,0,0,0,-21.28631529,-47.35013192)
insert into AVAL_NOS values ('CJU06',6881634,85,'1131395',0,0,0,0,0,0,0,0,-21.26470512,-47.34976365)
insert into AVAL_NOS values ('CJU06',6881634,86,'1131480',0,0,0,0,0,0,0,0,-21.22732346,-47.34897337)
insert into AVAL_NOS values ('CJU06',6881634,87,'1131539',0,0,0,0,0,0,0,0,-21.24783004,-47.34915315)
insert into AVAL_NOS values ('CJU06',6881634,88,'1131771',0,0,0,0,0,0,0,0,-21.2383564,-47.3484088)
insert into AVAL_NOS values ('CJU06',6881634,89,'1131829',0,0,0,0,0,0,0,0,-21.24641525,-47.34839735)
insert into AVAL_NOS values ('CJU06',6881634,90,'1131874',0,0,0,0,0,0,0,0,-21.25838018,-47.34850271)
insert into AVAL_NOS values ('CJU06',6881634,91,'1131889',0,0,0,0,0,0,0,0,-21.21522121,-47.34777744)
insert into AVAL_NOS values ('CJU06',6881634,92,'1132035',0,0,0,0,0,0,0,0,-21.226666,-47.34757634)
insert into AVAL_NOS values ('CJU06',6881634,93,'1132195',0,0,0,0,0,0,0,0,-21.27126175,-47.3478613)
insert into AVAL_NOS values ('CJU06',6881634,94,'1132258',0,0,0,0,0,0,0,0,-21.24788521,-47.34731114)
insert into AVAL_NOS values ('CJU06',6881634,95,'1132259',0,0,0,0,0,0,0,0,-21.2851936,-47.34790077)
insert into AVAL_NOS values ('CJU06',6881634,96,'1132288',0,0,0,0,0,0,0,0,-21.23903349,-47.34708722)
insert into AVAL_NOS values ('CJU06',6881634,97,'1132475',0,0,0,0,0,0,0,0,-21.21745596,-47.34625091)
insert into AVAL_NOS values ('CJU06',6881634,98,'1132478',0,0,0,0,0,0,0,0,-21.24854998,-47.34674193)
insert into AVAL_NOS values ('CJU06',6881634,99,'1132607',0,0,0,0,0,0,0,0,-21.21817279,-47.34591739)
insert into AVAL_NOS values ('CJU06',6881634,100,'1132707',0,0,0,0,0,0,0,0,-21.21873066,-47.34566399)
insert into AVAL_NOS values ('CJU06',6881634,101,'1132740',0,0,0,0,0,0,0,0,-21.25921566,-47.34622337)
insert into AVAL_NOS values ('CJU06',6881634,102,'1133407',0,0,0,0,0,0,0,0,-21.24726168,-47.34454335)
insert into AVAL_NOS values ('CJU06',6881634,103,'1133419',0,0,0,0,0,0,0,0,-21.26291051,-47.34475145)
insert into AVAL_NOS values ('CJU06',6881634,104,'1133458',0,0,0,0,0,0,0,0,-21.25983571,-47.34462135)
insert into AVAL_NOS values ('CJU06',6881634,105,'1133651',0,0,0,0,0,0,0,0,-21.22503163,-47.34366919)
insert into AVAL_NOS values ('CJU06',6881634,106,'1133663',0,0,0,0,0,0,0,0,-21.2540372,-47.34410715)
insert into AVAL_NOS values ('CJU06',6881634,107,'1133872',0,0,0,0,0,0,0,0,-21.26009236,-47.34385585)
insert into AVAL_NOS values ('CJU06',6881634,108,'1134002',0,0,0,0,0,0,0,0,-21.22486827,-47.34300894)
insert into AVAL_NOS values ('CJU06',6881634,109,'1134243',0,0,0,0,0,0,0,0,-21.26040906,-47.34301867)
insert into AVAL_NOS values ('CJU06',6881634,110,'1134358',0,0,0,0,0,0,0,0,-21.22709943,-47.34226989)
insert into AVAL_NOS values ('CJU06',6881634,111,'1134555',0,0,0,0,0,0,0,0,-21.27116325,-47.34265437)
insert into AVAL_NOS values ('CJU06',6881634,112,'1134602',0,0,0,0,0,0,0,0,-21.24260012,-47.34212292)
insert into AVAL_NOS values ('CJU06',6881634,113,'1134658',0,0,0,0,0,0,0,0,-21.26066054,-47.34228622)
insert into AVAL_NOS values ('CJU06',6881634,114,'1134797',0,0,0,0,0,0,0,0,-21.17528252,-47.34068653)
insert into AVAL_NOS values ('CJU06',6881634,115,'1134957',0,0,0,0,0,0,0,0,-21.27398765,-47.34185884)
insert into AVAL_NOS values ('CJU06',6881634,116,'1135001',0,0,0,0,0,0,0,0,-21.17466864,-47.34020715)
insert into AVAL_NOS values ('CJU06',6881634,117,'1135195',0,0,0,0,0,0,0,0,-21.2241883,-47.34060984)
insert into AVAL_NOS values ('CJU06',6881634,118,'1135219',0,0,0,0,0,0,0,0,-21.17518401,-47.3397882)
insert into AVAL_NOS values ('CJU06',6881634,119,'1135228',0,0,0,0,0,0,0,0,-21.28199749,-47.34143864)
insert into AVAL_NOS values ('CJU06',6881634,120,'1135394',0,0,0,0,0,0,0,0,-21.28026491,-47.34111737)
insert into AVAL_NOS values ('CJU06',6881634,121,'1135478',0,0,0,0,0,0,0,0,-21.23863715,-47.34034397)
insert into AVAL_NOS values ('CJU06',6881634,122,'1135539',0,0,0,0,0,0,0,0,-21.22193947,-47.33997757)
insert into AVAL_NOS values ('CJU06',6881634,123,'1135579',0,0,0,0,0,0,0,0,-21.28362904,-47.34089046)
insert into AVAL_NOS values ('CJU06',6881634,124,'1135613',0,0,0,0,0,0,0,0,-21.26719083,-47.34056599)
insert into AVAL_NOS values ('CJU06',6881634,125,'1135726',0,0,0,0,0,0,0,0,-21.26619164,-47.34031658)
insert into AVAL_NOS values ('CJU06',6881634,126,'1135735',0,0,0,0,0,0,0,0,-21.28326376,-47.34057494)
insert into AVAL_NOS values ('CJU06',6881634,127,'1135767',0,0,0,0,0,0,0,0,-21.28152325,-47.34049912)
insert into AVAL_NOS values ('CJU06',6881634,128,'1135844',0,0,0,0,0,0,0,0,-21.26149064,-47.34009053)
insert into AVAL_NOS values ('CJU06',6881634,129,'1136039',0,0,0,0,0,0,0,0,-21.27513037,-47.33990268)
insert into AVAL_NOS values ('CJU06',6881634,130,'1136163',0,0,0,0,0,0,0,0,-21.26649971,-47.3395531)
insert into AVAL_NOS values ('CJU06',6881634,131,'1136416',0,0,0,0,0,0,0,0,-21.27524081,-47.33924114)
insert into AVAL_NOS values ('CJU06',6881634,132,'1136417',0,0,0,0,0,0,0,0,-21.24726766,-47.33879836)
insert into AVAL_NOS values ('CJU06',6881634,133,'1136421',0,0,0,0,0,0,0,0,-21.2791617,-47.33930046)
insert into AVAL_NOS values ('CJU06',6881634,134,'1136492',0,0,0,0,0,0,0,0,-21.27444371,-47.33910782)
insert into AVAL_NOS values ('CJU06',6881634,135,'1136515',0,0,0,0,0,0,0,0,-21.27348529,-47.3390499)
insert into AVAL_NOS values ('CJU06',6881634,136,'1136553',0,0,0,0,0,0,0,0,-21.2686185,-47.33889512)
insert into AVAL_NOS values ('CJU06',6881634,137,'1136605',0,0,0,0,0,0,0,0,-21.27119261,-47.3388309)
insert into AVAL_NOS values ('CJU06',6881634,138,'1136667',0,0,0,0,0,0,0,0,-21.26205186,-47.33853858)
insert into AVAL_NOS values ('CJU06',6881634,139,'1136683',0,0,0,0,0,0,0,0,-21.26863007,-47.33862191)
insert into AVAL_NOS values ('CJU06',6881634,140,'1136693',0,0,0,0,0,0,0,0,-21.27773209,-47.33875087)
insert into AVAL_NOS values ('CJU06',6881634,141,'1136698',0,0,0,0,0,0,0,0,-21.26709895,-47.33857883)
insert into AVAL_NOS values ('CJU06',6881634,142,'1136752',0,0,0,0,0,0,0,0,-21.26649981,-47.33847563)
insert into AVAL_NOS values ('CJU06',6881634,143,'1136755',0,0,0,0,0,0,0,0,-21.25127766,-47.3382299)
insert into AVAL_NOS values ('CJU06',6881634,144,'1136787',0,0,0,0,0,0,0,0,-21.26774237,-47.33843274)
insert into AVAL_NOS values ('CJU06',6881634,145,'1136878',0,0,0,0,0,0,0,0,-21.27829694,-47.33842347)
insert into AVAL_NOS values ('CJU06',6881634,146,'1136890',0,0,0,0,0,0,0,0,-21.21224817,-47.33735509)
insert into AVAL_NOS values ('CJU06',6881634,147,'1137355',0,0,0,0,0,0,0,0,-21.2520545,-47.33709987)
insert into AVAL_NOS values ('CJU06',6881634,148,'1137366',0,0,0,0,0,0,0,0,-21.25933642,-47.33719545)
insert into AVAL_NOS values ('CJU06',6881634,149,'1137406',0,0,0,0,0,0,0,0,-21.27992068,-47.33745067)
insert into AVAL_NOS values ('CJU06',6881634,150,'1137415',0,0,0,0,0,0,0,0,-21.22306847,-47.33652015)
insert into AVAL_NOS values ('CJU06',6881634,151,'1137487',0,0,0,0,0,0,0,0,-21.26812927,-47.3370846)
insert into AVAL_NOS values ('CJU06',6881634,152,'1137509',0,0,0,0,0,0,0,0,-21.24354553,-47.33665857)
insert into AVAL_NOS values ('CJU06',6881634,153,'1137652',0,0,0,0,0,0,0,0,-21.26140737,-47.33667232)
insert into AVAL_NOS values ('CJU06',6881634,154,'1137929',0,0,0,0,0,0,0,0,-21.26113899,-47.33607567)
insert into AVAL_NOS values ('CJU06',6881634,155,'1138093',0,0,0,0,0,0,0,0,-21.2407558,-47.3354741)
insert into AVAL_NOS values ('CJU06',6881634,156,'1138144',0,0,0,0,0,0,0,0,-21.28255792,-47.3360291)
insert into AVAL_NOS values ('CJU06',6881634,157,'1138216',0,0,0,0,0,0,0,0,-21.28212108,-47.33587874)
insert into AVAL_NOS values ('CJU06',6881634,158,'1138246',0,0,0,0,0,0,0,0,-21.27344493,-47.33567535)
insert into AVAL_NOS values ('CJU06',6881634,159,'1138253',0,0,0,0,0,0,0,0,-21.21956658,-47.33481794)
insert into AVAL_NOS values ('CJU06',6881634,160,'1138321',0,0,0,0,0,0,0,0,-21.23991422,-47.33501239)
insert into AVAL_NOS values ('CJU06',6881634,161,'1138479',0,0,0,0,0,0,0,0,-21.239808,-47.33470868)
insert into AVAL_NOS values ('CJU06',6881634,162,'1138532',0,0,0,0,0,0,0,0,-21.2226318,-47.33433969)
insert into AVAL_NOS values ('CJU06',6881634,163,'1138632',0,0,0,0,0,0,0,0,-21.27166409,-47.33491469)
insert into AVAL_NOS values ('CJU06',6881634,164,'1138637',0,0,0,0,0,0,0,0,-21.22262701,-47.33413198)
insert into AVAL_NOS values ('CJU06',6881634,165,'1138696',0,0,0,0,0,0,0,0,-21.27131383,-47.33479125)
insert into AVAL_NOS values ('CJU06',6881634,166,'1138877',0,0,0,0,0,0,0,0,-21.22059436,-47.33365922)
insert into AVAL_NOS values ('CJU06',6881634,167,'1138931',0,0,0,0,0,0,0,0,-21.2824541,-47.33454069)
insert into AVAL_NOS values ('CJU06',6881634,168,'1138990',0,0,0,0,0,0,0,0,-21.21996331,-47.3334539)
insert into AVAL_NOS values ('CJU06',6881634,169,'1139030',0,0,0,0,0,0,0,0,-21.27338532,-47.33423445)
insert into AVAL_NOS values ('CJU06',6881634,170,'1139192',0,0,0,0,0,0,0,0,-21.27907032,-47.33397927)
insert into AVAL_NOS values ('CJU06',6881634,171,'1139320',0,0,0,0,0,0,0,0,-21.21253677,-47.33272648)
insert into AVAL_NOS values ('CJU06',6881634,172,'1139484',0,0,0,0,0,0,0,0,-21.27941258,-47.33350306)
insert into AVAL_NOS values ('CJU06',6881634,173,'1139523',0,0,0,0,0,0,0,0,-21.22267375,-47.3325515)
insert into AVAL_NOS values ('CJU06',6881634,174,'1139648',0,0,0,0,0,0,0,0,-21.25240821,-47.33280885)
insert into AVAL_NOS values ('CJU06',6881634,175,'1139742',0,0,0,0,0,0,0,0,-21.28308133,-47.33311681)
insert into AVAL_NOS values ('CJU06',6881634,176,'1140051',0,0,0,0,0,0,0,0,-21.27387262,-47.3323783)
insert into AVAL_NOS values ('CJU06',6881634,177,'1140076',0,0,0,0,0,0,0,0,-21.25450416,-47.33201223)
insert into AVAL_NOS values ('CJU06',6881634,178,'1140100',0,0,0,0,0,0,0,0,-21.27392403,-47.33226572)
insert into AVAL_NOS values ('CJU06',6881634,179,'1140115',0,0,0,0,0,0,0,0,-21.25117244,-47.33187519)
insert into AVAL_NOS values ('CJU06',6881634,180,'1140154',0,0,0,0,0,0,0,0,-21.28602113,-47.33235246)
insert into AVAL_NOS values ('CJU06',6881634,181,'1140163',0,0,0,0,0,0,0,0,-21.25498967,-47.33185149)
insert into AVAL_NOS values ('CJU06',6881634,182,'1140184',0,0,0,0,0,0,0,0,-21.28330996,-47.33225921)
insert into AVAL_NOS values ('CJU06',6881634,183,'1140328',0,0,0,0,0,0,0,0,-21.25138575,-47.33146263)
insert into AVAL_NOS values ('CJU06',6881634,184,'1140338',0,0,0,0,0,0,0,0,-21.27414056,-47.33179169)
insert into AVAL_NOS values ('CJU06',6881634,185,'1140525',0,0,0,0,0,0,0,0,-21.23866388,-47.33087756)
insert into AVAL_NOS values ('CJU06',6881634,186,'1140586',0,0,0,0,0,0,0,0,-21.17505765,-47.32974368)
insert into AVAL_NOS values ('CJU06',6881634,187,'1140605',0,0,0,0,0,0,0,0,-21.23802803,-47.33069294)
insert into AVAL_NOS values ('CJU06',6881634,188,'1140625',0,0,0,0,0,0,0,0,-21.25682739,-47.33095541)
insert into AVAL_NOS values ('CJU06',6881634,189,'1140683',0,0,0,0,0,0,0,0,-21.17499627,-47.32953987)
insert into AVAL_NOS values ('CJU06',6881634,190,'1140792',0,0,0,0,0,0,0,0,-21.21317708,-47.32987081)
insert into AVAL_NOS values ('CJU06',6881634,191,'1140901',0,0,0,0,0,0,0,0,-21.24636804,-47.33016183)
insert into AVAL_NOS values ('CJU06',6881634,192,'1140971',0,0,0,0,0,0,0,0,-21.17487756,-47.3288641)
insert into AVAL_NOS values ('CJU06',6881634,193,'1140974',0,0,0,0,0,0,0,0,-21.2381678,-47.32985306)
insert into AVAL_NOS values ('CJU06',6881634,194,'1141028',0,0,0,0,0,0,0,0,-21.23106213,-47.32962494)
insert into AVAL_NOS values ('CJU06',6881634,195,'1141055',0,0,0,0,0,0,0,0,-21.23129715,-47.3295747)
insert into AVAL_NOS values ('CJU06',6881634,196,'1141244',0,0,0,0,0,0,0,0,-21.21343023,-47.32887569)
insert into AVAL_NOS values ('CJU06',6881634,197,'1141254',0,0,0,0,0,0,0,0,-21.22269688,-47.32899814)
insert into AVAL_NOS values ('CJU06',6881634,198,'1141393',0,0,0,0,0,0,0,0,-21.24217434,-47.32896069)
insert into AVAL_NOS values ('CJU06',6881634,199,'1141405',0,0,0,0,0,0,0,0,-21.27521712,-47.32945405)
insert into AVAL_NOS values ('CJU06',6881634,200,'1141482',0,0,0,0,0,0,0,0,-21.24051667,-47.32868421)
insert into AVAL_NOS values ('CJU06',6881634,201,'1141553',0,0,0,0,0,0,0,0,-21.23861672,-47.32845479)
insert into AVAL_NOS values ('CJU06',6881634,202,'1141571',0,0,0,0,0,0,0,0,-21.23928576,-47.32840752)
insert into AVAL_NOS values ('CJU06',6881634,203,'1141630',0,0,0,0,0,0,0,0,-21.2883371,-47.32900269)
insert into AVAL_NOS values ('CJU06',6881634,204,'1141670',0,0,0,0,0,0,0,0,-21.22160393,-47.32784797)
insert into AVAL_NOS values ('CJU06',6881634,205,'1141733',0,0,0,0,0,0,0,0,-21.23632527,-47.32792914)
insert into AVAL_NOS values ('CJU06',6881634,206,'1141736',0,0,0,0,0,0,0,0,-21.16620489,-47.32682239)
insert into AVAL_NOS values ('CJU06',6881634,207,'1141753',0,0,0,0,0,0,0,0,-21.16608837,-47.32678495)
insert into AVAL_NOS values ('CJU06',6881634,208,'1141766',0,0,0,0,0,0,0,0,-21.27684207,-47.32849389)
insert into AVAL_NOS values ('CJU06',6881634,209,'1141783',0,0,0,0,0,0,0,0,-21.23509295,-47.3277996)
insert into AVAL_NOS values ('CJU06',6881634,210,'1141844',0,0,0,0,0,0,0,0,-21.27697608,-47.3282855)
insert into AVAL_NOS values ('CJU06',6881634,211,'1141882',0,0,0,0,0,0,0,0,-21.22276021,-47.32729898)
insert into AVAL_NOS values ('CJU06',6881634,212,'1141898',0,0,0,0,0,0,0,0,-21.22579606,-47.32733111)
insert into AVAL_NOS values ('CJU06',6881634,213,'1141918',0,0,0,0,0,0,0,0,-21.28435192,-47.32821858)
insert into AVAL_NOS values ('CJU06',6881634,214,'1141942',0,0,0,0,0,0,0,0,-21.23159359,-47.32733774)
insert into AVAL_NOS values ('CJU06',6881634,215,'1141952',0,0,0,0,0,0,0,0,-21.23122746,-47.32730917)
insert into AVAL_NOS values ('CJU06',6881634,216,'1141958',0,0,0,0,0,0,0,0,-21.22200906,-47.32715853)
insert into AVAL_NOS values ('CJU06',6881634,217,'1141964',0,0,0,0,0,0,0,0,-21.2307899,-47.32727495)
insert into AVAL_NOS values ('CJU06',6881634,218,'1142025',0,0,0,0,0,0,0,0,-21.22904869,-47.32709073)
insert into AVAL_NOS values ('CJU06',6881634,219,'1142184',0,0,0,0,0,0,0,0,-21.22026477,-47.32666179)
insert into AVAL_NOS values ('CJU06',6881634,220,'1142196',0,0,0,0,0,0,0,0,-21.26237471,-47.32730544)
insert into AVAL_NOS values ('CJU06',6881634,221,'1142211',0,0,0,0,0,0,0,0,-21.26664336,-47.32735243)
insert into AVAL_NOS values ('CJU06',6881634,222,'1142454',0,0,0,0,0,0,0,0,-21.22011742,-47.32608503)
insert into AVAL_NOS values ('CJU06',6881634,223,'1142556',0,0,0,0,0,0,0,0,-21.2623796,-47.32652832)
insert into AVAL_NOS values ('CJU06',6881634,224,'1142585',0,0,0,0,0,0,0,0,-21.27855649,-47.3267276)
insert into AVAL_NOS values ('CJU06',6881634,225,'1142881',0,0,0,0,0,0,0,0,-21.27522035,-47.32631539)
insert into AVAL_NOS values ('CJU06',6881634,226,'1142920',0,0,0,0,0,0,0,0,-21.27530971,-47.32626593)
insert into AVAL_NOS values ('CJU06',6881634,227,'1143015',0,0,0,0,0,0,0,0,-21.24389154,-47.32558765)
insert into AVAL_NOS values ('CJU06',6881634,228,'1143058',0,0,0,0,0,0,0,0,-21.21429665,-47.32507335)
insert into AVAL_NOS values ('CJU06',6881634,229,'1143189',0,0,0,0,0,0,0,0,-21.21338378,-47.32484083)
insert into AVAL_NOS values ('CJU06',6881634,230,'1143383',0,0,0,0,0,0,0,0,-21.21344062,-47.32443958)
insert into AVAL_NOS values ('CJU06',6881634,231,'1143487',0,0,0,0,0,0,0,0,-21.2746101,-47.32518172)
insert into AVAL_NOS values ('CJU06',6881634,232,'1143506',0,0,0,0,0,0,0,0,-21.24877239,-47.32474999)
insert into AVAL_NOS values ('CJU06',6881634,233,'1143657',0,0,0,0,0,0,0,0,-21.25419499,-47.32454796)
insert into AVAL_NOS values ('CJU06',6881634,234,'1143658',0,0,0,0,0,0,0,0,-21.2852108,-47.32503499)
insert into AVAL_NOS values ('CJU06',6881634,235,'1143811',0,0,0,0,0,0,0,0,-21.21167383,-47.32349092)
insert into AVAL_NOS values ('CJU06',6881634,236,'1143897',0,0,0,0,0,0,0,0,-21.26726229,-47.32414848)
insert into AVAL_NOS values ('CJU06',6881634,237,'1143960',0,0,0,0,0,0,0,0,-21.27051063,-47.32404767)
insert into AVAL_NOS values ('CJU06',6881634,238,'1143962',0,0,0,0,0,0,0,0,-21.27064145,-47.3240426)
insert into AVAL_NOS values ('CJU06',6881634,239,'1144062',0,0,0,0,0,0,0,0,-21.24829349,-47.32344059)
insert into AVAL_NOS values ('CJU06',6881634,240,'1144275',0,0,0,0,0,0,0,0,-21.28197114,-47.32345922)
insert into AVAL_NOS values ('CJU06',6881634,241,'1144320',0,0,0,0,0,0,0,0,-21.22358138,-47.32246281)
insert into AVAL_NOS values ('CJU06',6881634,242,'1144330',0,0,0,0,0,0,0,0,-21.23505111,-47.32262234)
insert into AVAL_NOS values ('CJU06',6881634,243,'1144580',0,0,0,0,0,0,0,0,-21.26655206,-47.32255765)
insert into AVAL_NOS values ('CJU06',6881634,244,'1144618',0,0,0,0,0,0,0,0,-21.28365366,-47.32272858)
insert into AVAL_NOS values ('CJU06',6881634,245,'1144759',0,0,0,0,0,0,0,0,-21.25715585,-47.32194391)
insert into AVAL_NOS values ('CJU06',6881634,246,'1144830',0,0,0,0,0,0,0,0,-21.28324532,-47.32218091)
insert into AVAL_NOS values ('CJU06',6881634,247,'1144992',0,0,0,0,0,0,0,0,-21.27899456,-47.32174748)
insert into AVAL_NOS values ('CJU06',6881634,248,'1145081',0,0,0,0,0,0,0,0,-21.28242448,-47.32156953)
insert into AVAL_NOS values ('CJU06',6881634,249,'1145132',0,0,0,0,0,0,0,0,-21.28268377,-47.3214551)
insert into AVAL_NOS values ('CJU06',6881634,250,'1145553',0,0,0,0,0,0,0,0,-21.27893443,-47.32051192)
insert into AVAL_NOS values ('CJU06',6881634,251,'1145706',0,0,0,0,0,0,0,0,-21.2787218,-47.32020367)
insert into AVAL_NOS values ('CJU06',6881634,252,'1145931',0,0,0,0,0,0,0,0,-21.28144176,-47.31977946)
insert into AVAL_NOS values ('CJU06',6881634,253,'1146086',0,0,0,0,0,0,0,0,-21.24693094,-47.31887752)
insert into AVAL_NOS values ('CJU06',6881634,254,'1146178',0,0,0,0,0,0,0,0,-21.24692944,-47.31872502)
insert into AVAL_NOS values ('CJU06',6881634,255,'1146192',0,0,0,0,0,0,0,0,-21.21087853,-47.31814198)
insert into AVAL_NOS values ('CJU06',6881634,256,'1146250',0,0,0,0,0,0,0,0,-21.24595198,-47.31858537)
insert into AVAL_NOS values ('CJU06',6881634,257,'1146270',0,0,0,0,0,0,0,0,-21.24696314,-47.31856652)
insert into AVAL_NOS values ('CJU06',6881634,258,'1146333',0,0,0,0,0,0,0,0,-21.28100429,-47.31899357)
insert into AVAL_NOS values ('CJU06',6881634,259,'1146554',0,0,0,0,0,0,0,0,-21.27777826,-47.3185766)
insert into AVAL_NOS values ('CJU06',6881634,260,'1146583',0,0,0,0,0,0,0,0,-21.27855559,-47.31852135)
insert into AVAL_NOS values ('CJU06',6881634,261,'1146590',0,0,0,0,0,0,0,0,-21.24717596,-47.31801726)
insert into AVAL_NOS values ('CJU06',6881634,262,'1146646',0,0,0,0,0,0,0,0,-21.25532044,-47.31805207)
insert into AVAL_NOS values ('CJU06',6881634,263,'1146723',0,0,0,0,0,0,0,0,-21.28068379,-47.31825663)
insert into AVAL_NOS values ('CJU06',6881634,264,'1146755',0,0,0,0,0,0,0,0,-21.26436517,-47.31793755)
insert into AVAL_NOS values ('CJU06',6881634,265,'1146782',0,0,0,0,0,0,0,0,-21.28303526,-47.31817788)
insert into AVAL_NOS values ('CJU06',6881634,266,'1146804',0,0,0,0,0,0,0,0,-21.25596582,-47.31770364)
insert into AVAL_NOS values ('CJU06',6881634,267,'1146822',0,0,0,0,0,0,0,0,-21.25428309,-47.31764542)
insert into AVAL_NOS values ('CJU06',6881634,268,'1146847',0,0,0,0,0,0,0,0,-21.27740415,-47.31797478)
insert into AVAL_NOS values ('CJU06',6881634,269,'1146872',0,0,0,0,0,0,0,0,-21.28372132,-47.31802909)
insert into AVAL_NOS values ('CJU06',6881634,270,'1146885',0,0,0,0,0,0,0,0,-21.28377769,-47.31800811)
insert into AVAL_NOS values ('CJU06',6881634,271,'1146895',0,0,0,0,0,0,0,0,-21.2846733,-47.31801213)
insert into AVAL_NOS values ('CJU06',6881634,272,'1146923',0,0,0,0,0,0,0,0,-21.27742156,-47.31783882)
insert into AVAL_NOS values ('CJU06',6881634,273,'1147313',0,0,0,0,0,0,0,0,-21.27964257,-47.31707178)
insert into AVAL_NOS values ('CJU06',6881634,274,'1147405',0,0,0,0,0,0,0,0,-21.27972621,-47.31687337)
insert into AVAL_NOS values ('CJU06',6881634,275,'1147427',0,0,0,0,0,0,0,0,-21.27679146,-47.31679811)
insert into AVAL_NOS values ('CJU06',6881634,276,'1147454',0,0,0,0,0,0,0,0,-21.24538486,-47.31625635)
insert into AVAL_NOS values ('CJU06',6881634,277,'1147457',0,0,0,0,0,0,0,0,-21.24551346,-47.31624853)
insert into AVAL_NOS values ('CJU06',6881634,278,'1147472',0,0,0,0,0,0,0,0,-21.27899777,-47.31674924)
insert into AVAL_NOS values ('CJU06',6881634,279,'1147552',0,0,0,0,0,0,0,0,-21.24775244,-47.31612317)
insert into AVAL_NOS values ('CJU06',6881634,280,'1147697',0,0,0,0,0,0,0,0,-21.26648529,-47.31615728)
insert into AVAL_NOS values ('CJU06',6881634,281,'1147716',0,0,0,0,0,0,0,0,-21.27806525,-47.31629763)
insert into AVAL_NOS values ('CJU06',6881634,282,'1147750',0,0,0,0,0,0,0,0,-21.27793695,-47.31623801)
insert into AVAL_NOS values ('CJU06',6881634,283,'1147753',0,0,0,0,0,0,0,0,-21.27521988,-47.31619045)
insert into AVAL_NOS values ('CJU06',6881634,284,'1147773',0,0,0,0,0,0,0,0,-21.27460604,-47.31615695)
insert into AVAL_NOS values ('CJU06',6881634,285,'1147785',0,0,0,0,0,0,0,0,-21.27399241,-47.31612807)
insert into AVAL_NOS values ('CJU06',6881634,286,'1147930',0,0,0,0,0,0,0,0,-21.26737471,-47.31579222)
insert into AVAL_NOS values ('CJU06',6881634,287,'1147972',0,0,0,0,0,0,0,0,-21.25167032,-47.31547491)
insert into AVAL_NOS values ('CJU06',6881634,288,'1148026',0,0,0,0,0,0,0,0,-21.27701963,-47.31577123)
insert into AVAL_NOS values ('CJU06',6881634,289,'1148053',0,0,0,0,0,0,0,0,-21.263263,-47.31550006)
insert into AVAL_NOS values ('CJU06',6881634,290,'1148067',0,0,0,0,0,0,0,0,-21.27684298,-47.31568137)
insert into AVAL_NOS values ('CJU06',6881634,291,'1148086',0,0,0,0,0,0,0,0,-21.25111803,-47.31522758)
insert into AVAL_NOS values ('CJU06',6881634,292,'1148224',0,0,0,0,0,0,0,0,-21.274618,-47.31529009)
insert into AVAL_NOS values ('CJU06',6881634,293,'1148277',0,0,0,0,0,0,0,0,-21.26371174,-47.31503814)
insert into AVAL_NOS values ('CJU06',6881634,294,'1148545',0,0,0,0,0,0,0,0,-21.27874649,-47.31473774)
insert into AVAL_NOS values ('CJU06',6881634,295,'1148599',0,0,0,0,0,0,0,0,-21.27991783,-47.31465983)
insert into AVAL_NOS values ('CJU06',6881634,296,'1148613',0,0,0,0,0,0,0,0,-21.27520614,-47.31454784)
insert into AVAL_NOS values ('CJU06',6881634,297,'1148682',0,0,0,0,0,0,0,0,-21.27466924,-47.31440881)
insert into AVAL_NOS values ('CJU06',6881634,298,'1148707',0,0,0,0,0,0,0,0,-21.27943371,-47.31442642)
insert into AVAL_NOS values ('CJU06',6881634,299,'1148787',0,0,0,0,0,0,0,0,-21.27899179,-47.31421623)
insert into AVAL_NOS values ('CJU06',6881634,300,'1148826',0,0,0,0,0,0,0,0,-21.27468582,-47.31405126)
insert into AVAL_NOS values ('CJU06',6881634,301,'1148863',0,0,0,0,0,0,0,0,-21.26469002,-47.31381354)
insert into AVAL_NOS values ('CJU06',6881634,302,'1148932',0,0,0,0,0,0,0,0,-21.27523242,-47.31383361)
insert into AVAL_NOS values ('CJU06',6881634,303,'1148948',0,0,0,0,0,0,0,0,-21.2746981,-47.31379558)
insert into AVAL_NOS values ('CJU06',6881634,304,'1148955',0,0,0,0,0,0,0,0,-21.27823979,-47.31384222)
insert into AVAL_NOS values ('CJU06',6881634,305,'1149006',0,0,0,0,0,0,0,0,-21.27941663,-47.31372594)
insert into AVAL_NOS values ('CJU06',6881634,306,'1149047',0,0,0,0,0,0,0,0,-21.28076259,-47.31367638)
insert into AVAL_NOS values ('CJU06',6881634,307,'1149272',0,0,0,0,0,0,0,0,-21.26529479,-47.31302392)
insert into AVAL_NOS values ('CJU06',6881634,308,'1149314',0,0,0,0,0,0,0,0,-21.27885541,-47.31315019)
insert into AVAL_NOS values ('CJU06',6881634,309,'1149452',0,0,0,0,0,0,0,0,-21.28185502,-47.31290288)
insert into AVAL_NOS values ('CJU06',6881634,310,'1149459',0,0,0,0,0,0,0,0,-21.2864277,-47.31295938)
insert into AVAL_NOS values ('CJU06',6881634,311,'1149525',0,0,0,0,0,0,0,0,-21.28300882,-47.31276196)
insert into AVAL_NOS values ('CJU06',6881634,312,'1149586',0,0,0,0,0,0,0,0,-21.28457968,-47.31266195)
insert into AVAL_NOS values ('CJU06',6881634,313,'1149622',0,0,0,0,0,0,0,0,-21.27480258,-47.31243777)
insert into AVAL_NOS values ('CJU06',6881634,314,'1149634',0,0,0,0,0,0,0,0,-21.27425593,-47.31240389)
insert into AVAL_NOS values ('CJU06',6881634,315,'1149670',0,0,0,0,0,0,0,0,-21.28455353,-47.31248899)
insert into AVAL_NOS values ('CJU06',6881634,316,'1149679',0,0,0,0,0,0,0,0,-21.27286902,-47.31229281)
insert into AVAL_NOS values ('CJU06',6881634,317,'1149689',0,0,0,0,0,0,0,0,-21.25869283,-47.31205419)
insert into AVAL_NOS values ('CJU06',6881634,318,'1149742',0,0,0,0,0,0,0,0,-21.27375806,-47.3121649)
insert into AVAL_NOS values ('CJU06',6881634,319,'1149755',0,0,0,0,0,0,0,0,-21.2853997,-47.31229999)
insert into AVAL_NOS values ('CJU06',6881634,320,'1149759',0,0,0,0,0,0,0,0,-21.27259425,-47.31208891)
insert into AVAL_NOS values ('CJU06',6881634,321,'1149768',0,0,0,0,0,0,0,0,-21.2781911,-47.31215905)
insert into AVAL_NOS values ('CJU06',6881634,322,'1149788',0,0,0,0,0,0,0,0,-21.28492918,-47.31223261)
insert into AVAL_NOS values ('CJU06',6881634,323,'1149793',0,0,0,0,0,0,0,0,-21.26047981,-47.31184724)
insert into AVAL_NOS values ('CJU06',6881634,324,'1149810',0,0,0,0,0,0,0,0,-21.28594566,-47.31218762)
insert into AVAL_NOS values ('CJU06',6881634,325,'1149837',0,0,0,0,0,0,0,0,-21.28537094,-47.31213922)
insert into AVAL_NOS values ('CJU06',6881634,326,'1149841',0,0,0,0,0,0,0,0,-21.26002813,-47.31173606)
insert into AVAL_NOS values ('CJU06',6881634,327,'1149849',0,0,0,0,0,0,0,0,-21.27482641,-47.31196002)
insert into AVAL_NOS values ('CJU06',6881634,328,'1149860',0,0,0,0,0,0,0,0,-21.27861855,-47.31199039)
insert into AVAL_NOS values ('CJU06',6881634,329,'1149896',0,0,0,0,0,0,0,0,-21.27892642,-47.31192776)
insert into AVAL_NOS values ('CJU06',6881634,330,'1149908',0,0,0,0,0,0,0,0,-21.27379722,-47.31181272)
insert into AVAL_NOS values ('CJU06',6881634,331,'1149996',0,0,0,0,0,0,0,0,-21.26627648,-47.31151796)
insert into AVAL_NOS values ('CJU06',6881634,332,'1150087',0,0,0,0,0,0,0,0,-21.26545807,-47.31130365)
insert into AVAL_NOS values ('CJU06',6881634,333,'1150107',0,0,0,0,0,0,0,0,-21.26503482,-47.31125928)
insert into AVAL_NOS values ('CJU06',6881634,334,'1150115',0,0,0,0,0,0,0,0,-21.26464671,-47.31123299)
insert into AVAL_NOS values ('CJU06',6881634,335,'1150166',0,0,0,0,0,0,0,0,-21.27984388,-47.31136858)
insert into AVAL_NOS values ('CJU06',6881634,336,'1150172',0,0,0,0,0,0,0,0,-21.26487311,-47.31112025)
insert into AVAL_NOS values ('CJU06',6881634,337,'1150192',0,0,0,0,0,0,0,0,-21.26535657,-47.31108763)
insert into AVAL_NOS values ('CJU06',6881634,338,'1150204',0,0,0,0,0,0,0,0,-21.26484591,-47.31106212)
insert into AVAL_NOS values ('CJU06',6881634,339,'1150301',0,0,0,0,0,0,0,0,-21.26597703,-47.31090253)
insert into AVAL_NOS values ('CJU06',6881634,340,'1150357',0,0,0,0,0,0,0,0,-21.26469962,-47.31076727)
insert into AVAL_NOS values ('CJU06',6881634,341,'1150392',0,0,0,0,0,0,0,0,-21.26861273,-47.31076778)
insert into AVAL_NOS values ('CJU06',6881634,342,'1150416',0,0,0,0,0,0,0,0,-21.26808583,-47.31070243)
insert into AVAL_NOS values ('CJU06',6881634,343,'1150430',0,0,0,0,0,0,0,0,-21.26791877,-47.31066995)
insert into AVAL_NOS values ('CJU06',6881634,344,'1150450',0,0,0,0,0,0,0,0,-21.26963459,-47.3106402)
insert into AVAL_NOS values ('CJU06',6881634,345,'1150469',0,0,0,0,0,0,0,0,-21.27269525,-47.31065505)
insert into AVAL_NOS values ('CJU06',6881634,346,'1150552',0,0,0,0,0,0,0,0,-21.27490909,-47.31054512)
insert into AVAL_NOS values ('CJU06',6881634,347,'1150578',0,0,0,0,0,0,0,0,-21.26425172,-47.31032187)
insert into AVAL_NOS values ('CJU06',6881634,348,'1150586',0,0,0,0,0,0,0,0,-21.2690886,-47.31038043)
insert into AVAL_NOS values ('CJU06',6881634,349,'1150615',0,0,0,0,0,0,0,0,-21.26664462,-47.31029151)
insert into AVAL_NOS values ('CJU06',6881634,350,'1150656',0,0,0,0,0,0,0,0,-21.26909085,-47.3102561)
insert into AVAL_NOS values ('CJU06',6881634,351,'1150659',0,0,0,0,0,0,0,0,-21.27389171,-47.31032692)
insert into AVAL_NOS values ('CJU06',6881634,352,'1150699',0,0,0,0,0,0,0,0,-21.26905313,-47.31018855)
insert into AVAL_NOS values ('CJU06',6881634,353,'1150807',0,0,0,0,0,0,0,0,-21.26931025,-47.30999547)
insert into AVAL_NOS values ('CJU06',6881634,354,'1150881',0,0,0,0,0,0,0,0,-21.26925858,-47.30984582)
insert into AVAL_NOS values ('CJU06',6881634,355,'1150928',0,0,0,0,0,0,0,0,-21.26649029,-47.30970098)
insert into AVAL_NOS values ('CJU06',6881634,356,'1151113',0,0,0,0,0,0,0,0,-21.26968602,-47.30936937)
insert into AVAL_NOS values ('CJU06',6881634,357,'1151243',0,0,0,0,0,0,0,0,-21.26992642,-47.30906533)
insert into AVAL_NOS values ('CJU06',6881634,358,'1151246',0,0,0,0,0,0,0,0,-21.2672366,-47.30901883)
insert into AVAL_NOS values ('CJU06',6881634,359,'1151254',0,0,0,0,0,0,0,0,-21.27919879,-47.3091959)
insert into AVAL_NOS values ('CJU06',6881634,360,'1151353',0,0,0,0,0,0,0,0,-21.27281974,-47.30890442)
insert into AVAL_NOS values ('CJU06',6881634,361,'1151676',0,0,0,0,0,0,0,0,-21.28350648,-47.30847526)
insert into AVAL_NOS values ('CJU06',6881634,362,'1151725',0,0,0,0,0,0,0,0,-21.27403992,-47.30823001)
insert into AVAL_NOS values ('CJU06',6881634,363,'1151755',0,0,0,0,0,0,0,0,-21.27507669,-47.30820669)
insert into AVAL_NOS values ('CJU06',6881634,364,'1151840',0,0,0,0,0,0,0,0,-21.26544242,-47.30791662)
insert into AVAL_NOS values ('CJU06',6881634,365,'1151865',0,0,0,0,0,0,0,0,-21.27711168,-47.30805511)
insert into AVAL_NOS values ('CJU06',6881634,366,'1151944',0,0,0,0,0,0,0,0,-21.27287871,-47.30786594)
insert into AVAL_NOS values ('CJU06',6881634,367,'1151945',0,0,0,0,0,0,0,0,-21.26601801,-47.30775046)
insert into AVAL_NOS values ('CJU06',6881634,368,'1152108',0,0,0,0,0,0,0,0,-21.2794716,-47.30772343)
insert into AVAL_NOS values ('CJU06',6881634,369,'1152124',0,0,0,0,0,0,0,0,-21.26649473,-47.30749211)
insert into AVAL_NOS values ('CJU06',6881634,370,'1152310',0,0,0,0,0,0,0,0,-21.26574009,-47.30719626)
insert into AVAL_NOS values ('CJU06',6881634,371,'1152349',0,0,0,0,0,0,0,0,-21.27105376,-47.30722872)
insert into AVAL_NOS values ('CJU06',6881634,372,'1152411',0,0,0,0,0,0,0,0,-21.27514199,-47.30718709)
insert into AVAL_NOS values ('CJU06',6881634,373,'1152412',0,0,0,0,0,0,0,0,-21.2747296,-47.30718008)
insert into AVAL_NOS values ('CJU06',6881634,374,'1152518',0,0,0,0,0,0,0,0,-21.27841486,-47.30707089)
insert into AVAL_NOS values ('CJU06',6881634,375,'1152648',0,0,0,0,0,0,0,0,-21.27188049,-47.30670627)
insert into AVAL_NOS values ('CJU06',6881634,376,'1152665',0,0,0,0,0,0,0,0,-21.27229775,-47.3066806)
insert into AVAL_NOS values ('CJU06',6881634,377,'1152696',0,0,0,0,0,0,0,0,-21.27294281,-47.30664403)
insert into AVAL_NOS values ('CJU06',6881634,378,'1152714',0,0,0,0,0,0,0,0,-21.27783166,-47.30667999)
insert into AVAL_NOS values ('CJU06',6881634,379,'1152855',0,0,0,0,0,0,0,0,-21.27708773,-47.30642687)
insert into AVAL_NOS values ('CJU06',6881634,380,'1152901',0,0,0,0,0,0,0,0,-21.27295531,-47.30628623)
insert into AVAL_NOS values ('CJU06',6881634,381,'1152926',0,0,0,0,0,0,0,0,-21.27418365,-47.30626636)
insert into AVAL_NOS values ('CJU06',6881634,382,'1152948',0,0,0,0,0,0,0,0,-21.27712839,-47.30628713)
insert into AVAL_NOS values ('CJU06',6881634,383,'1153019',0,0,0,0,0,0,0,0,-21.27849827,-47.30621803)
insert into AVAL_NOS values ('CJU06',6881634,384,'1153092',0,0,0,0,0,0,0,0,-21.27579986,-47.3060406)
insert into AVAL_NOS values ('CJU06',6881634,385,'1153122',0,0,0,0,0,0,0,0,-21.27299777,-47.30594942)
insert into AVAL_NOS values ('CJU06',6881634,386,'1153132',0,0,0,0,0,0,0,0,-21.27818606,-47.30602433)
insert into AVAL_NOS values ('CJU06',6881634,387,'1153133',0,0,0,0,0,0,0,0,-21.27522815,-47.30597629)
insert into AVAL_NOS values ('CJU06',6881634,388,'1153146',0,0,0,0,0,0,0,0,-21.274201,-47.30594977)
insert into AVAL_NOS values ('CJU06',6881634,389,'1153287',0,0,0,0,0,0,0,0,-21.27168059,-47.3056393)
insert into AVAL_NOS values ('CJU06',6881634,390,'1153397',0,0,0,0,0,0,0,0,-21.27525972,-47.30547292)
insert into AVAL_NOS values ('CJU06',6881634,391,'1153414',0,0,0,0,0,0,0,0,-21.27478063,-47.30543713)
insert into AVAL_NOS values ('CJU06',6881634,392,'1153466',1,0,0,0,0,0,0,0,-21.28967826,-47.30556343)
insert into AVAL_NOS values ('CJU06',6881634,393,'1153473',0,0,0,0,0,0,0,0,-21.27734616,-47.30536151)
insert into AVAL_NOS values ('CJU06',6881634,394,'1153519',0,0,0,0,0,0,0,0,-21.27996498,-47.30531861)
insert into AVAL_NOS values ('CJU06',6881634,395,'1153661',0,0,0,0,0,0,0,0,-21.27303515,-47.30497641)
insert into AVAL_NOS values ('CJU06',6881634,396,'1153665',0,0,0,0,0,0,0,0,-21.27871642,-47.30505521)
insert into AVAL_NOS values ('CJU06',6881634,397,'1153782',0,0,0,0,0,0,0,0,-21.26465366,-47.30463344)
insert into AVAL_NOS values ('CJU06',6881634,398,'1153815',0,0,0,0,0,0,0,0,-21.28865525,-47.30492005)
insert into AVAL_NOS values ('CJU06',6881634,399,'1153821',0,0,0,0,0,0,0,0,-21.283432,-47.30483293)
insert into AVAL_NOS values ('CJU06',6881634,400,'1153830',0,0,0,0,0,0,0,0,-21.27428561,-47.30468693)
insert into AVAL_NOS values ('CJU06',6881634,401,'1153836',0,0,0,0,0,0,0,0,-21.28865554,-47.30490541)
insert into AVAL_NOS values ('CJU06',6881634,402,'1153902',0,0,0,0,0,0,0,0,-21.27894895,-47.3046329)
insert into AVAL_NOS values ('CJU06',6881634,403,'1153979',0,0,0,0,0,0,0,0,-21.28653064,-47.30462794)
insert into AVAL_NOS values ('CJU06',6881634,404,'1154000',0,0,0,0,0,0,0,0,-21.28589531,-47.30458056)
insert into AVAL_NOS values ('CJU06',6881634,405,'1154033',0,0,0,0,0,0,0,0,-21.27532835,-47.30434739)
insert into AVAL_NOS values ('CJU06',6881634,406,'1154057',0,0,0,0,0,0,0,0,-21.28501605,-47.30445018)
insert into AVAL_NOS values ('CJU06',6881634,407,'1154082',0,0,0,0,0,0,0,0,-21.27431853,-47.30423532)
insert into AVAL_NOS values ('CJU06',6881634,408,'1154096',0,0,0,0,0,0,0,0,-21.27759596,-47.30426711)
insert into AVAL_NOS values ('CJU06',6881634,409,'1154142',0,0,0,0,0,0,0,0,-21.28109799,-47.30425077)
insert into AVAL_NOS values ('CJU06',6881634,410,'1154150',0,0,0,0,0,0,0,0,-21.27534981,-47.30415187)
insert into AVAL_NOS values ('CJU06',6881634,411,'1154152',0,0,0,0,0,0,0,0,-21.28345352,-47.30427206)
insert into AVAL_NOS values ('CJU06',6881634,412,'1154181',0,0,0,0,0,0,0,0,-21.28073089,-47.30418792)
insert into AVAL_NOS values ('CJU06',6881634,413,'1154189',0,0,0,0,0,0,0,0,-21.27308394,-47.30405232)
insert into AVAL_NOS values ('CJU06',6881634,414,'1154288',0,0,0,0,0,0,0,0,-21.2825612,-47.30404061)
insert into AVAL_NOS values ('CJU06',6881634,415,'1154294',0,0,0,0,0,0,0,0,-21.27925045,-47.30397611)
insert into AVAL_NOS values ('CJU06',6881634,416,'1154339',0,0,0,0,0,0,0,0,-21.28281423,-47.3039537)
insert into AVAL_NOS values ('CJU06',6881634,417,'1154352',0,0,0,0,0,0,0,0,-21.27930892,-47.30388059)
insert into AVAL_NOS values ('CJU06',6881634,418,'1154383',0,0,0,0,0,0,0,0,-21.27538472,-47.30375299)
insert into AVAL_NOS values ('CJU06',6881634,419,'1154407',0,0,0,0,0,0,0,0,-21.27773936,-47.30374718)
insert into AVAL_NOS values ('CJU06',6881634,420,'1154420',0,0,0,0,0,0,0,0,-21.27748543,-47.30372154)
insert into AVAL_NOS values ('CJU06',6881634,421,'1154433',0,0,0,0,0,0,0,0,-21.27162735,-47.30359612)
insert into AVAL_NOS values ('CJU06',6881634,422,'1154447',0,0,0,0,0,0,0,0,-21.28071895,-47.30370881)
insert into AVAL_NOS values ('CJU06',6881634,423,'1154453',0,0,0,0,0,0,0,0,-21.27539299,-47.3036115)
insert into AVAL_NOS values ('CJU06',6881634,424,'1154467',0,0,0,0,0,0,0,0,-21.27776668,-47.3036317)
insert into AVAL_NOS values ('CJU06',6881634,425,'1154484',0,0,0,0,0,0,0,0,-21.27439007,-47.30353634)
insert into AVAL_NOS values ('CJU06',6881634,426,'1154563',0,0,0,0,0,0,0,0,-21.27314705,-47.30336178)
insert into AVAL_NOS values ('CJU06',6881634,427,'1154590',0,0,0,0,0,0,0,0,-21.28075948,-47.30342638)
insert into AVAL_NOS values ('CJU06',6881634,428,'1154632',0,0,0,0,0,0,0,0,-21.27166784,-47.30320504)
insert into AVAL_NOS values ('CJU06',6881634,429,'1513443',0,0,0,0,0,0,0,0,-21.19959124,-47.3929357)
insert into AVAL_NOS values ('CJU06',6881634,430,'1513509',0,0,0,0,0,0,0,0,-21.20247639,-47.38631108)
insert into AVAL_NOS values ('CJU06',6881634,431,'1513515',0,0,0,0,0,0,0,0,-21.19793374,-47.38571496)
insert into AVAL_NOS values ('CJU06',6881634,432,'1513580',0,0,0,0,0,0,0,0,-21.20084983,-47.38042701)
insert into AVAL_NOS values ('CJU06',6881634,433,'1513612',0,0,0,0,0,0,0,0,-21.19147146,-47.37713504)
insert into AVAL_NOS values ('CJU06',6881634,434,'1513634',0,0,0,0,0,0,0,0,-21.21157132,-47.37770047)
insert into AVAL_NOS values ('CJU06',6881634,435,'1513737',0,0,0,0,0,0,0,0,-21.20214809,-47.3691991)
insert into AVAL_NOS values ('CJU06',6881634,436,'1513844',0,0,0,0,0,0,0,0,-21.20506239,-47.36321972)
insert into AVAL_NOS values ('CJU06',6881634,437,'1513847',0,0,0,0,0,0,0,0,-21.18849871,-47.36311755)
insert into AVAL_NOS values ('CJU06',6881634,438,'1513852',0,0,0,0,0,0,0,0,-21.18466033,-47.36234001)
insert into AVAL_NOS values ('CJU06',6881634,439,'1513854',0,0,0,0,0,0,0,0,-21.23773836,-47.36084551)
insert into AVAL_NOS values ('CJU06',6881634,440,'1513885',0,0,0,0,0,0,0,0,-21.21792948,-47.36122938)
insert into AVAL_NOS values ('CJU06',6881634,441,'1513912',0,0,0,0,0,0,0,0,-21.18959627,-47.35932333)
insert into AVAL_NOS values ('CJU06',6881634,442,'1513967',0,0,0,0,0,0,0,0,-21.28937728,-47.35777925)
insert into AVAL_NOS values ('CJU06',6881634,443,'1513969',0,0,0,0,0,0,0,0,-21.26920105,-47.35795025)
insert into AVAL_NOS values ('CJU06',6881634,444,'1513972',0,0,0,0,0,0,0,0,-21.28792841,-47.35330556)
insert into AVAL_NOS values ('CJU06',6881634,445,'1513976',0,0,0,0,0,0,0,0,-21.18887922,-47.35448182)
insert into AVAL_NOS values ('CJU06',6881634,446,'1513979',0,0,0,0,0,0,0,0,-21.22791174,-47.35556746)
insert into AVAL_NOS values ('CJU06',6881634,447,'1513985',0,0,0,0,0,0,0,0,-21.25518932,-47.35496969)
insert into AVAL_NOS values ('CJU06',6881634,448,'1514020',0,0,0,0,0,0,0,0,-21.25665086,-47.35174591)
insert into AVAL_NOS values ('CJU06',6881634,449,'1514026',0,0,0,0,0,0,0,0,-21.21805251,-47.35123001)
insert into AVAL_NOS values ('CJU06',6881634,450,'1514046',0,0,0,0,0,0,0,0,-21.22631587,-47.349255)
insert into AVAL_NOS values ('CJU06',6881634,451,'1514055',0,0,0,0,0,0,0,0,-21.25465765,-47.34824562)
insert into AVAL_NOS values ('CJU06',6881634,452,'1514062',0,0,0,0,0,0,0,0,-21.2146324,-47.34761385)
insert into AVAL_NOS values ('CJU06',6881634,453,'1514066',0,0,0,0,0,0,0,0,-21.28529901,-47.34778866)
insert into AVAL_NOS values ('CJU06',6881634,454,'1514071',0,0,0,0,0,0,0,0,-21.2182659,-47.34539798)
insert into AVAL_NOS values ('CJU06',6881634,455,'1514072',0,0,0,0,0,0,0,0,-21.25853694,-47.34583848)
insert into AVAL_NOS values ('CJU06',6881634,456,'1514075',0,0,0,0,0,0,0,0,-21.23044272,-47.34481006)
insert into AVAL_NOS values ('CJU06',6881634,457,'1514082',0,0,0,0,0,0,0,0,-21.25991334,-47.34471313)
insert into AVAL_NOS values ('CJU06',6881634,458,'1514092',0,0,0,0,0,0,0,0,-21.25995867,-47.34310132)
insert into AVAL_NOS values ('CJU06',6881634,459,'1514097',0,0,0,0,0,0,0,0,-21.27108917,-47.34352435)
insert into AVAL_NOS values ('CJU06',6881634,460,'1514098',0,0,0,0,0,0,0,0,-21.26038482,-47.3418426)
insert into AVAL_NOS values ('CJU06',6881634,461,'1514111',0,0,0,0,0,0,0,0,-21.28314878,-47.33904155)
insert into AVAL_NOS values ('CJU06',6881634,462,'1514116',0,0,0,0,0,0,0,0,-21.26117887,-47.33974469)
insert into AVAL_NOS values ('CJU06',6881634,463,'1514128',0,0,0,0,0,0,0,0,-21.27773297,-47.33783825)
insert into AVAL_NOS values ('CJU06',6881634,464,'1514131',0,0,0,0,0,0,0,0,-21.26704391,-47.33820573)
insert into AVAL_NOS values ('CJU06',6881634,465,'1514137',0,0,0,0,0,0,0,0,-21.2231892,-47.33642892)
insert into AVAL_NOS values ('CJU06',6881634,466,'1514145',0,0,0,0,0,0,0,0,-21.23728457,-47.33641605)
insert into AVAL_NOS values ('CJU06',6881634,467,'1514147',0,0,0,0,0,0,0,0,-21.24115592,-47.33588936)
insert into AVAL_NOS values ('CJU06',6881634,468,'1514149',0,0,0,0,0,0,0,0,-21.27141669,-47.33581654)
insert into AVAL_NOS values ('CJU06',6881634,469,'1514158',0,0,0,0,0,0,0,0,-21.2149899,-47.33319608)
insert into AVAL_NOS values ('CJU06',6881634,470,'1514163',0,0,0,0,0,0,0,0,-21.25483157,-47.33388666)
insert into AVAL_NOS values ('CJU06',6881634,471,'1514164',0,0,0,0,0,0,0,0,-21.22309801,-47.33255567)
insert into AVAL_NOS values ('CJU06',6881634,472,'1514166',0,0,0,0,0,0,0,0,-21.25219115,-47.33295069)
insert into AVAL_NOS values ('CJU06',6881634,473,'1514175',0,0,0,0,0,0,0,0,-21.28342684,-47.33228976)
insert into AVAL_NOS values ('CJU06',6881634,474,'1514176',0,0,0,0,0,0,0,0,-21.25145476,-47.33132453)
insert into AVAL_NOS values ('CJU06',6881634,475,'1514177',0,0,0,0,0,0,0,0,-21.27145939,-47.33131996)
insert into AVAL_NOS values ('CJU06',6881634,476,'1514178',0,0,0,0,0,0,0,0,-21.25695863,-47.3311222)
insert into AVAL_NOS values ('CJU06',6881634,477,'1514179',0,0,0,0,0,0,0,0,-21.23787152,-47.33134619)
insert into AVAL_NOS values ('CJU06',6881634,478,'1514185',0,0,0,0,0,0,0,0,-21.25067986,-47.32931595)
insert into AVAL_NOS values ('CJU06',6881634,479,'1514188',0,0,0,0,0,0,0,0,-21.21366562,-47.32892879)
insert into AVAL_NOS values ('CJU06',6881634,480,'1514189',0,0,0,0,0,0,0,0,-21.22331877,-47.32921304)
insert into AVAL_NOS values ('CJU06',6881634,481,'1514194',0,0,0,0,0,0,0,0,-21.22146683,-47.32871746)
insert into AVAL_NOS values ('CJU06',6881634,482,'1514199',0,0,0,0,0,0,0,0,-21.22587262,-47.3282323)
insert into AVAL_NOS values ('CJU06',6881634,483,'1514201',0,0,0,0,0,0,0,0,-21.23944427,-47.32668288)
insert into AVAL_NOS values ('CJU06',6881634,484,'1514205',0,0,0,0,0,0,0,0,-21.22902091,-47.3265137)
insert into AVAL_NOS values ('CJU06',6881634,485,'1514206',0,0,0,0,0,0,0,0,-21.23536539,-47.32647409)
insert into AVAL_NOS values ('CJU06',6881634,486,'1514211',0,0,0,0,0,0,0,0,-21.2625282,-47.32721528)
insert into AVAL_NOS values ('CJU06',6881634,487,'1514213',0,0,0,0,0,0,0,0,-21.20807497,-47.32680558)
insert into AVAL_NOS values ('CJU06',6881634,488,'1514218',0,0,0,0,0,0,0,0,-21.27852835,-47.32664055)
insert into AVAL_NOS values ('CJU06',6881634,489,'1514224',0,0,0,0,0,0,0,0,-21.26358519,-47.32564687)
insert into AVAL_NOS values ('CJU06',6881634,490,'1514232',0,0,0,0,0,0,0,0,-21.2445372,-47.32433919)
insert into AVAL_NOS values ('CJU06',6881634,491,'1514233',0,0,0,0,0,0,0,0,-21.24218346,-47.32448392)
insert into AVAL_NOS values ('CJU06',6881634,492,'1514239',0,0,0,0,0,0,0,0,-21.28592718,-47.32447155)
insert into AVAL_NOS values ('CJU06',6881634,493,'1514251',0,0,0,0,0,0,0,0,-21.22378515,-47.32233474)
insert into AVAL_NOS values ('CJU06',6881634,494,'1514253',0,0,0,0,0,0,0,0,-21.28170661,-47.32329272)
insert into AVAL_NOS values ('CJU06',6881634,495,'1514254',0,0,0,0,0,0,0,0,-21.27776546,-47.32342234)
insert into AVAL_NOS values ('CJU06',6881634,496,'1514256',0,0,0,0,0,0,0,0,-21.26680469,-47.32252039)
insert into AVAL_NOS values ('CJU06',6881634,497,'1514271',0,0,0,0,0,0,0,0,-21.27857795,-47.32091578)
insert into AVAL_NOS values ('CJU06',6881634,498,'1514279',0,0,0,0,0,0,0,0,-21.27963607,-47.31992272)
insert into AVAL_NOS values ('CJU06',6881634,499,'1514281',0,0,0,0,0,0,0,0,-21.28073894,-47.32009523)
insert into AVAL_NOS values ('CJU06',6881634,500,'1514282',0,0,0,0,0,0,0,0,-21.28133509,-47.31973588)
insert into AVAL_NOS values ('CJU06',6881634,501,'1514289',0,0,0,0,0,0,0,0,-21.21106282,-47.31749331)
insert into AVAL_NOS values ('CJU06',6881634,502,'1514301',0,0,0,0,0,0,0,0,-21.22325561,-47.31663096)
insert into AVAL_NOS values ('CJU06',6881634,503,'1514303',0,0,0,0,0,0,0,0,-21.28092073,-47.31804059)
insert into AVAL_NOS values ('CJU06',6881634,504,'1514305',0,0,0,0,0,0,0,0,-21.26458538,-47.31782203)
insert into AVAL_NOS values ('CJU06',6881634,505,'1514306',0,0,0,0,0,0,0,0,-21.25590504,-47.31761956)
insert into AVAL_NOS values ('CJU06',6881634,506,'1514307',0,0,0,0,0,0,0,0,-21.25372985,-47.31742803)
insert into AVAL_NOS values ('CJU06',6881634,507,'1514311',0,0,0,0,0,0,0,0,-21.21073361,-47.31643593)
insert into AVAL_NOS values ('CJU06',6881634,508,'1514323',0,0,0,0,0,0,0,0,-21.27459011,-47.31663097)
insert into AVAL_NOS values ('CJU06',6881634,509,'1514324',0,0,0,0,0,0,0,0,-21.27397192,-47.31659258)
insert into AVAL_NOS values ('CJU06',6881634,510,'1514325',0,0,0,0,0,0,0,0,-21.2669604,-47.31672374)
insert into AVAL_NOS values ('CJU06',6881634,511,'1514331',0,0,0,0,0,0,0,0,-21.27579534,-47.31634898)
insert into AVAL_NOS values ('CJU06',6881634,512,'1514332',0,0,0,0,0,0,0,0,-21.27520401,-47.31666727)
insert into AVAL_NOS values ('CJU06',6881634,513,'1514333',0,0,0,0,0,0,0,0,-21.27524066,-47.3153191)
insert into AVAL_NOS values ('CJU06',6881634,514,'1514340',0,0,0,0,0,0,0,0,-21.28025584,-47.31566727)
insert into AVAL_NOS values ('CJU06',6881634,515,'1514342',0,0,0,0,0,0,0,0,-21.27401339,-47.31526135)
insert into AVAL_NOS values ('CJU06',6881634,516,'1514345',0,0,0,0,0,0,0,0,-21.26358077,-47.31491673)
insert into AVAL_NOS values ('CJU06',6881634,517,'1514347',0,0,0,0,0,0,0,0,-21.27741536,-47.31487751)
insert into AVAL_NOS values ('CJU06',6881634,518,'1514349',0,0,0,0,0,0,0,0,-21.27887136,-47.31479731)
insert into AVAL_NOS values ('CJU06',6881634,519,'1514350',0,0,0,0,0,0,0,0,-21.28006171,-47.31472981)
insert into AVAL_NOS values ('CJU06',6881634,520,'1514352',0,0,0,0,0,0,0,0,-21.27973109,-47.31400496)
insert into AVAL_NOS values ('CJU06',6881634,521,'1514353',0,0,0,0,0,0,0,0,-21.27915176,-47.31399647)
insert into AVAL_NOS values ('CJU06',6881634,522,'1514356',0,0,0,0,0,0,0,0,-21.27633861,-47.31362143)
insert into AVAL_NOS values ('CJU06',6881634,523,'1514360',0,0,0,0,0,0,0,0,-21.28089668,-47.31373532)
insert into AVAL_NOS values ('CJU06',6881634,524,'1514363',0,0,0,0,0,0,0,0,-21.26515125,-47.31325759)
insert into AVAL_NOS values ('CJU06',6881634,525,'1514371',0,0,0,0,0,0,0,0,-21.28354443,-47.3130533)
insert into AVAL_NOS values ('CJU06',6881634,526,'1514380',0,0,0,0,0,0,0,0,-21.27428381,-47.31266772)
insert into AVAL_NOS values ('CJU06',6881634,527,'1514381',0,0,0,0,0,0,0,0,-21.28336517,-47.31237926)
insert into AVAL_NOS values ('CJU06',6881634,528,'1514383',0,0,0,0,0,0,0,0,-21.284954,-47.31239091)
insert into AVAL_NOS values ('CJU06',6881634,529,'1514393',0,0,0,0,0,0,0,0,-21.27824396,-47.31243194)
insert into AVAL_NOS values ('CJU06',6881634,530,'1514411',0,0,0,0,0,0,0,0,-21.26476065,-47.31089298)
insert into AVAL_NOS values ('CJU06',6881634,531,'1514412',0,0,0,0,0,0,0,0,-21.2703077,-47.3112296)
insert into AVAL_NOS values ('CJU06',6881634,532,'1514414',0,0,0,0,0,0,0,0,-21.26456799,-47.3108314)
insert into AVAL_NOS values ('CJU06',6881634,533,'1514415',0,0,0,0,0,0,0,0,-21.26925355,-47.31098009)
insert into AVAL_NOS values ('CJU06',6881634,534,'1514433',0,0,0,0,0,0,0,0,-21.27089658,-47.30921052)
insert into AVAL_NOS values ('CJU06',6881634,535,'1514453',0,0,0,0,0,0,0,0,-21.2663977,-47.30731094)
insert into AVAL_NOS values ('CJU06',6881634,536,'1514458',0,0,0,0,0,0,0,0,-21.27595145,-47.30763267)
insert into AVAL_NOS values ('CJU06',6881634,537,'1514465',0,0,0,0,0,0,0,0,-21.28240173,-47.30701314)
insert into AVAL_NOS values ('CJU06',6881634,538,'1514467',0,0,0,0,0,0,0,0,-21.279897,-47.30709902)
insert into AVAL_NOS values ('CJU06',6881634,539,'1514468',0,0,0,0,0,0,0,0,-21.2751802,-47.30648961)
insert into AVAL_NOS values ('CJU06',6881634,540,'1514476',0,0,0,0,0,0,0,0,-21.28308863,-47.30639511)
insert into AVAL_NOS values ('CJU06',6881634,541,'1514477',0,0,0,0,0,0,0,0,-21.28356194,-47.30642465)
insert into AVAL_NOS values ('CJU06',6881634,542,'1514488',0,0,0,0,0,0,0,0,-21.2831321,-47.30559083)
insert into AVAL_NOS values ('CJU06',6881634,543,'1514505',0,0,0,0,0,0,0,0,-21.27768432,-47.30394806)
insert into AVAL_NOS values ('CJU06',6881634,544,'1514508',0,0,0,0,0,0,0,0,-21.27988049,-47.30407293)
insert into AVAL_NOS values ('CJU06',6881634,545,'1614859',0,0,0,0,0,0,0,0,-21.2722507,-47.33352861)
insert into AVAL_NOS values ('CJU06',6881634,546,'1615322',0,0,0,0,0,0,0,0,-21.17645268,-47.32761959)
insert into AVAL_NOS values ('CJU06',6881634,547,'1616528',0,0,0,0,0,0,0,0,-21.25766118,-47.31221744)
insert into AVAL_NOS values ('CJU06',6881634,548,'1618083',0,0,0,0,0,0,0,0,-21.2731357,-47.326467)
insert into AVAL_NOS values ('CJU06',6881634,549,'1619737',0,0,0,0,0,0,0,0,-21.21604081,-47.3304644)
insert into AVAL_NOS values ('CJU06',6881634,550,'1620777',0,0,0,0,0,0,0,0,-21.1655124,-47.32377558)
insert into AVAL_NOS values ('CJU06',6881634,551,'1624666',0,0,0,0,0,0,0,0,-21.26507736,-47.3110351)
insert into AVAL_NOS values ('CJU06',6881634,552,'1624788',0,0,0,0,0,0,0,0,-21.26678447,-47.30926195)
insert into AVAL_NOS values ('CJU06',6881634,553,'1627124',0,0,0,0,0,0,0,0,-21.28275451,-47.33464535)
insert into AVAL_NOS values ('CJU06',6881634,554,'1627721',0,0,0,0,0,0,0,0,-21.17402445,-47.3681394)
insert into AVAL_NOS values ('CJU06',6881634,555,'1628546',0,0,0,0,0,0,0,0,-21.26838921,-47.3111374)
insert into AVAL_NOS values ('CJU06',6881634,556,'1629365',0,0,0,0,0,0,0,0,-21.27483267,-47.30399401)
insert into AVAL_NOS values ('CJU06',6881634,557,'1629576',0,0,0,0,0,0,0,0,-21.27488685,-47.30474418)
insert into AVAL_NOS values ('CJU06',6881634,558,'1630308',0,0,0,0,0,0,0,0,-21.28392829,-47.32238683)
insert into AVAL_NOS values ('CJU06',6881634,559,'1631307',0,0,0,0,0,0,0,0,-21.24688912,-47.31767363)
insert into AVAL_NOS values ('CJU06',6881634,560,'1633004',0,0,0,0,0,0,0,0,-21.25594101,-47.34868739)
insert into AVAL_NOS values ('CJU06',6881634,561,'1633849',0,0,0,0,0,0,0,0,-21.24162681,-47.34916412)
insert into AVAL_NOS values ('CJU06',6881634,562,'1633860',0,0,0,0,0,0,0,0,-21.25271648,-47.3241408)
insert into AVAL_NOS values ('CJU06',6881634,563,'1634104',0,0,0,0,0,0,0,0,-21.2451028,-47.31582775)
insert into AVAL_NOS values ('CJU06',6881634,564,'1634226',0,0,0,0,0,0,0,0,-21.26418384,-47.30280842)


insert into AVAL_LINHAS values ('CJU06',6881634,'1',392,392,0,0,0,0,0,0,0,0)
insert into AVAL_LINHAS values ('CJU06',6881634,'2',392,398,0.1876,0.387259,1,0,0,0,400,0)
insert into AVAL_LINHAS values ('CJU06',6881634,'3',398,403,0.187618,0.387241,0,0,0,0,420,0)
insert into AVAL_LINHAS values ('CJU06',6881634,'4',403,404,0.187615,0.387231,0,0,0,0,420,0)
insert into AVAL_LINHAS values ('CJU06',6881634,'5',404,406,0.187615,0.387231,0,0,0,0,420,0)
insert into AVAL_LINHAS values ('CJU06',6881634,'6',406,411,0.187615,0.387231,0,0,0,0,420,0)
insert into AVAL_LINHAS values ('CJU06',6881634,'7',411,414,0.187612,0.387226,0,0,0,0,420,0)
insert into AVAL_LINHAS values ('CJU06',6881634,'8',414,409,0.187618,0.387241,0,0,0,0,420,0)
insert into AVAL_LINHAS values ('CJU06',6881634,'9',409,412,0.187616,0.387234,1,0,0,0,400,0)
insert into AVAL_LINHAS values ('CJU06',6881634,'10',412,544,0.295,0.4089,1,0,0,0,313,0)
insert into AVAL_LINHAS values ('CJU06',6881634,'11',544,415,0.297718,0.408873,0,0,0,0,313,0)
insert into AVAL_LINHAS values ('CJU06',6881634,'12',415,402,0.182681,0.266652,1,0,0,0,400,0)
insert into AVAL_LINHAS values ('CJU06',6881634,'13',402,396,0.2112,0.251,0,0,0,0,575,0)
insert into AVAL_LINHAS values ('CJU06',6881634,'14',396,386,0.2112,0.251,0,0,0,0,575,0)
insert into AVAL_LINHAS values ('CJU06',6881634,'15',386,378,0.2112,0.251,0,0,0,0,575,0)
insert into AVAL_LINHAS values ('CJU06',6881634,'16',378,382,0.5682,0.292,0,0,0,0,310,0)
insert into AVAL_LINHAS values ('CJU06',6881634,'17',382,384,0.5682,0.292,0,0,0,0,310,0)
insert into AVAL_LINHAS values ('CJU06',6881634,'18',384,387,0.5682,0.292,2,0,0,0,100,0)
insert into AVAL_LINHAS values ('CJU06',6881634,'19',387,388,0.5682,0.292,2,0,0,0,100,0)
insert into AVAL_LINHAS values ('CJU06',6881634,'20',388,385,0.5682,0.292,0,0,0,0,310,0)
insert into AVAL_LINHAS values ('CJU06',6881634,'21',385,380,0.9387,0.4527,0,0,0,0,151,0)
insert into AVAL_LINHAS values ('CJU06',6881634,'22',380,377,0.947718,0.452666,0,0,0,0,151,0)
insert into AVAL_LINHAS values ('CJU06',6881634,'23',377,376,0.947718,0.452666,2,0,0,0,100,0)
insert into AVAL_LINHAS values ('CJU06',6881634,'24',376,375,0.947718,0.452666,2,0,0,0,100,0)
insert into AVAL_LINHAS values ('CJU06',6881634,'25',375,371,0.9387,0.4527,0,0,0,0,151,0)
insert into AVAL_LINHAS values ('CJU06',6881634,'26',371,357,0.947718,0.452666,0,0,0,0,151,0)
insert into AVAL_LINHAS values ('CJU06',6881634,'27',357,356,0.9387,0.4527,0,0,0,0,151,0)
insert into AVAL_LINHAS values ('CJU06',6881634,'28',356,354,0.9387,0.4527,0,0,0,0,151,0)
insert into AVAL_LINHAS values ('CJU06',6881634,'29',354,352,0.947718,0.452666,0,0,0,0,151,0)
insert into AVAL_LINHAS values ('CJU06',6881634,'30',352,341,0.947718,0.452666,0,0,0,0,151,0)
insert into AVAL_LINHAS values ('CJU06',6881634,'31',341,342,0.5906,0.4352,0,0,0,0,202,0)
insert into AVAL_LINHAS values ('CJU06',6881634,'32',342,343,0.595416,0.435232,0,0,0,0,202,0)
insert into AVAL_LINHAS values ('CJU06',6881634,'33',343,349,0.595416,0.435232,0,0,0,0,202,0)
insert into AVAL_LINHAS values ('CJU06',6881634,'34',349,339,0.696,0.504723,0,0,0,0,202,0)
insert into AVAL_LINHAS values ('CJU06',6881634,'35',339,331,0.947716,0.452659,0,0,0,0,151,0)
insert into AVAL_LINHAS values ('CJU06',6881634,'36',331,307,1.5972,0.505848,0,0,0,0,116,0)
insert into AVAL_LINHAS values ('CJU06',6881634,'37',307,524,1.5972,0.505848,2,0,0,0,100,0)
insert into AVAL_LINHAS values ('CJU06',6881634,'38',524,301,1.5972,0.505848,0,0,0,0,116,0)
insert into AVAL_LINHAS values ('CJU06',6881634,'39',301,293,1.5972,0.505848,0,0,0,0,116,0)
insert into AVAL_LINHAS values ('CJU06',6881634,'40',293,289,1.5972,0.505848,0,0,0,0,116,0)
insert into AVAL_LINHAS values ('CJU06',6881634,'41',289,266,1.5972,0.505848,0,0,0,0,116,0)
insert into AVAL_LINHAS values ('CJU06',6881634,'42',266,262,1.5972,0.505848,0,0,0,0,116,0)
insert into AVAL_LINHAS values ('CJU06',6881634,'43',262,245,1.5972,0.505848,0,0,0,0,116,0)
insert into AVAL_LINHAS values ('CJU06',6881634,'44',245,223,1.5972,0.505848,0,0,0,0,116,0)
insert into AVAL_LINHAS values ('CJU06',6881634,'45',223,220,1.5972,0.505848,0,0,0,0,116,0)
insert into AVAL_LINHAS values ('CJU06',6881634,'46',220,188,1.5972,0.505848,0,0,0,0,116,0)
insert into AVAL_LINHAS values ('CJU06',6881634,'47',188,181,1.5972,0.505848,0,0,0,0,116,0)
insert into AVAL_LINHAS values ('CJU06',6881634,'48',181,177,1.5972,0.505848,0,0,0,0,116,0)
insert into AVAL_LINHAS values ('CJU06',6881634,'49',177,174,1.5972,0.505848,0,0,0,0,116,0)
insert into AVAL_LINHAS values ('CJU06',6881634,'50',174,179,1.5972,0.505848,2,0,0,0,100,0)
insert into AVAL_LINHAS values ('CJU06',6881634,'51',179,191,1.5972,0.505848,0,0,0,0,116,0)
insert into AVAL_LINHAS values ('CJU06',6881634,'52',191,198,1.5972,0.505848,0,0,0,0,116,0)
insert into AVAL_LINHAS values ('CJU06',6881634,'53',198,200,1.5972,0.505848,0,0,0,0,116,0)
insert into AVAL_LINHAS values ('CJU06',6881634,'54',200,202,1.5972,0.505848,0,0,0,0,116,0)
insert into AVAL_LINHAS values ('CJU06',6881634,'55',202,201,1.5972,0.505848,0,0,0,0,116,0)
insert into AVAL_LINHAS values ('CJU06',6881634,'56',201,205,1.5972,0.505848,0,0,0,0,116,0)
insert into AVAL_LINHAS values ('CJU06',6881634,'57',205,209,1.5972,0.505848,0,0,0,0,116,0)
insert into AVAL_LINHAS values ('CJU06',6881634,'58',209,214,1.5972,0.505848,0,0,0,0,116,0)
insert into AVAL_LINHAS values ('CJU06',6881634,'59',214,215,1.5972,0.505848,0,0,0,0,116,0)
insert into AVAL_LINHAS values ('CJU06',6881634,'60',215,217,1.5972,0.505848,0,0,0,0,116,0)
insert into AVAL_LINHAS values ('CJU06',6881634,'61',217,218,1.5972,0.505848,0,0,0,0,116,0)
insert into AVAL_LINHAS values ('CJU06',6881634,'62',218,212,1.5972,0.505848,0,0,0,0,116,0)
insert into AVAL_LINHAS values ('CJU06',6881634,'63',212,211,1.5972,0.505848,0,0,0,0,116,0)
insert into AVAL_LINHAS values ('CJU06',6881634,'64',211,197,1.5972,0.505848,0,0,0,0,116,0)
insert into AVAL_LINHAS values ('CJU06',6881634,'65',197,173,1.5972,0.505848,0,0,0,0,116,0)
insert into AVAL_LINHAS values ('CJU06',6881634,'66',173,164,1.5972,0.505848,0,0,0,0,116,0)
insert into AVAL_LINHAS values ('CJU06',6881634,'67',164,162,1.5972,0.505848,0,0,0,0,116,0)
insert into AVAL_LINHAS values ('CJU06',6881634,'68',162,150,1.5972,0.505848,0,0,0,0,116,0)
insert into AVAL_LINHAS values ('CJU06',6881634,'69',150,117,1.5972,0.505848,0,0,0,0,116,0)
insert into AVAL_LINHAS values ('CJU06',6881634,'70',117,108,1.5972,0.505848,0,0,0,0,116,0)
insert into AVAL_LINHAS values ('CJU06',6881634,'71',108,100,1.5972,0.505848,0,0,0,0,116,0)
insert into AVAL_LINHAS values ('CJU06',6881634,'72',100,99,1.5972,0.505848,0,0,0,0,116,0)
insert into AVAL_LINHAS values ('CJU06',6881634,'73',99,97,1.5972,0.505848,0,0,0,0,116,0)
insert into AVAL_LINHAS values ('CJU06',6881634,'74',97,91,1.5972,0.505848,2,0,0,0,100,0)
insert into AVAL_LINHAS values ('CJU06',6881634,'75',91,47,1.5972,0.505848,0,0,0,0,116,0)
insert into AVAL_LINHAS values ('CJU06',6881634,'76',47,44,1.5972,0.505848,0,0,0,0,116,0)
insert into AVAL_LINHAS values ('CJU06',6881634,'77',44,35,1.5972,0.505848,0,0,0,0,116,0)
insert into AVAL_LINHAS values ('CJU06',6881634,'78',35,33,1.5972,0.505848,0,0,0,0,116,0)
insert into AVAL_LINHAS values ('CJU06',6881634,'79',33,40,1.5972,0.505848,0,0,0,0,116,0)
insert into AVAL_LINHAS values ('CJU06',6881634,'80',40,43,1.5972,0.505848,0,0,0,0,116,0)
insert into AVAL_LINHAS values ('CJU06',6881634,'81',43,45,1.5972,0.505848,2,0,0,0,100,0)
insert into AVAL_LINHAS values ('CJU06',6881634,'82',45,34,1.5972,0.505848,2,0,0,0,100,0)
insert into AVAL_LINHAS values ('CJU06',6881634,'83',34,32,1.5972,0.505848,0,0,0,0,116,0)
insert into AVAL_LINHAS values ('CJU06',6881634,'84',32,20,1.5972,0.505848,0,0,0,0,116,0)
insert into AVAL_LINHAS values ('CJU06',6881634,'85',20,554,1.5972,0.505848,2,0,0,0,100,0)
insert into AVAL_LINHAS values ('CJU06',6881634,'86',20,18,1.5972,0.505848,2,0,0,0,100,0)
insert into AVAL_LINHAS values ('CJU06',6881634,'87',32,114,1.5972,0.505848,2,0,0,0,100,0)
insert into AVAL_LINHAS values ('CJU06',6881634,'88',114,118,1.5972,0.505848,2,0,0,0,100,0)
insert into AVAL_LINHAS values ('CJU06',6881634,'89',118,116,1.5972,0.505848,0,0,0,0,116,0)
insert into AVAL_LINHAS values ('CJU06',6881634,'90',118,186,1.5972,0.505848,0,0,0,0,116,0)
insert into AVAL_LINHAS values ('CJU06',6881634,'91',186,189,1.5972,0.505848,0,0,0,0,116,0)
insert into AVAL_LINHAS values ('CJU06',6881634,'92',189,192,1.5972,0.505848,0,0,0,0,116,0)
insert into AVAL_LINHAS values ('CJU06',6881634,'93',189,546,1.5972,0.505848,0,0,0,0,116,0)
insert into AVAL_LINHAS values ('CJU06',6881634,'94',186,206,1.5972,0.505848,2,0,0,0,50,0)
insert into AVAL_LINHAS values ('CJU06',6881634,'95',206,207,1.5972,0.505848,0,0,0,0,116,0)
insert into AVAL_LINHAS values ('CJU06',6881634,'96',206,550,1.5972,0.505848,2,0,0,0,100,0)
insert into AVAL_LINHAS values ('CJU06',6881634,'97',34,438,1.5972,0.505848,2,0,0,0,100,0)
insert into AVAL_LINHAS values ('CJU06',6881634,'98',45,445,1.5972,0.505848,0,0,0,0,116,0)
insert into AVAL_LINHAS values ('CJU06',6881634,'99',43,441,1.5972,0.505848,2,0,0,0,100,0)
insert into AVAL_LINHAS values ('CJU06',6881634,'100',40,30,1.5972,0.505848,2,0,0,0,100,0)
insert into AVAL_LINHAS values ('CJU06',6881634,'101',30,28,1.5972,0.505848,0,0,0,0,116,0)
insert into AVAL_LINHAS values ('CJU06',6881634,'102',28,437,1.5972,0.505848,0,0,0,0,116,0)
insert into AVAL_LINHAS values ('CJU06',6881634,'103',28,16,1.5972,0.505848,2,0,0,0,100,0)
insert into AVAL_LINHAS values ('CJU06',6881634,'104',30,14,1.5972,0.505848,2,0,0,0,100,0)
insert into AVAL_LINHAS values ('CJU06',6881634,'105',33,29,1.5972,0.505848,2,0,0,0,100,0)
insert into AVAL_LINHAS values ('CJU06',6881634,'106',35,27,1.5972,0.505848,2,0,0,0,100,0)
insert into AVAL_LINHAS values ('CJU06',6881634,'107',27,436,1.5972,0.505848,2,0,0,0,100,0)
insert into AVAL_LINHAS values ('CJU06',6881634,'108',27,15,1.5972,0.505848,0,0,0,0,116,0)
insert into AVAL_LINHAS values ('CJU06',6881634,'109',15,435,1.5972,0.505848,2,0,0,0,100,0)
insert into AVAL_LINHAS values ('CJU06',6881634,'110',15,13,1.5972,0.505848,0,0,0,0,116,0)
insert into AVAL_LINHAS values ('CJU06',6881634,'111',13,434,1.5972,0.505848,2,0,0,0,100,0)
insert into AVAL_LINHAS values ('CJU06',6881634,'112',13,11,1.5972,0.505848,0,0,0,0,116,0)
insert into AVAL_LINHAS values ('CJU06',6881634,'113',11,12,1.5972,0.505848,2,0,0,0,50,0)
insert into AVAL_LINHAS values ('CJU06',6881634,'114',11,9,1.5972,0.505848,0,0,0,0,116,0)
insert into AVAL_LINHAS values ('CJU06',6881634,'115',9,432,1.5972,0.505848,2,0,0,0,100,0)
insert into AVAL_LINHAS values ('CJU06',6881634,'116',9,8,1.5972,0.505848,0,0,0,0,116,0)
insert into AVAL_LINHAS values ('CJU06',6881634,'117',8,10,1.5972,0.505848,2,0,0,0,100,0)
insert into AVAL_LINHAS values ('CJU06',6881634,'118',10,433,1.5972,0.505848,2,0,0,0,50,0)
insert into AVAL_LINHAS values ('CJU06',6881634,'119',8,5,1.5972,0.505848,0,0,0,0,116,0)
insert into AVAL_LINHAS values ('CJU06',6881634,'120',5,7,1.5972,0.505848,2,0,0,0,100,0)
insert into AVAL_LINHAS values ('CJU06',6881634,'121',5,4,1.5972,0.505848,0,0,0,0,116,0)
insert into AVAL_LINHAS values ('CJU06',6881634,'122',4,3,1.5972,0.505848,0,0,0,0,116,0)
insert into AVAL_LINHAS values ('CJU06',6881634,'123',3,431,1.5972,0.505848,2,0,0,0,100,0)
insert into AVAL_LINHAS values ('CJU06',6881634,'124',3,0,1.5972,0.505848,0,0,0,0,116,0)
insert into AVAL_LINHAS values ('CJU06',6881634,'125',0,2,1.5972,0.505848,2,0,0,0,100,0)
insert into AVAL_LINHAS values ('CJU06',6881634,'126',0,429,1.5972,0.505848,2,0,0,0,100,0)
insert into AVAL_LINHAS values ('CJU06',6881634,'127',4,1,1.5972,0.505848,2,0,0,0,100,0)
insert into AVAL_LINHAS values ('CJU06',6881634,'128',1,430,1.5972,0.505848,0,0,0,0,116,0)
insert into AVAL_LINHAS values ('CJU06',6881634,'129',1,6,1.5972,0.505848,2,0,0,0,100,0)
insert into AVAL_LINHAS values ('CJU06',6881634,'130',44,31,1.5972,0.505848,2,0,0,0,50,0)
insert into AVAL_LINHAS values ('CJU06',6881634,'131',47,42,1.5972,0.505848,2,0,0,0,100,0)
insert into AVAL_LINHAS values ('CJU06',6881634,'132',42,39,1.5972,0.505848,0,0,0,0,116,0)
insert into AVAL_LINHAS values ('CJU06',6881634,'133',39,440,1.5972,0.505848,0,0,0,0,116,0)
insert into AVAL_LINHAS values ('CJU06',6881634,'134',39,25,1.5972,0.505848,2,0,0,0,50,0)
insert into AVAL_LINHAS values ('CJU06',6881634,'135',25,17,1.5972,0.505848,0,0,0,0,116,0)
insert into AVAL_LINHAS values ('CJU06',6881634,'136',25,22,1.5972,0.505848,2,0,0,0,100,0)
insert into AVAL_LINHAS values ('CJU06',6881634,'137',42,26,1.5972,0.505848,2,0,0,0,100,0)
insert into AVAL_LINHAS values ('CJU06',6881634,'138',91,452,1.5972,0.505848,2,0,0,0,100,0)
insert into AVAL_LINHAS values ('CJU06',6881634,'139',99,449,1.5972,0.505848,2,0,0,0,100,0)
insert into AVAL_LINHAS values ('CJU06',6881634,'140',100,454,1.5972,0.505848,2,0,0,0,100,0)
insert into AVAL_LINHAS values ('CJU06',6881634,'141',108,105,1.5972,0.505848,0,0,0,0,116,0)
insert into AVAL_LINHAS values ('CJU06',6881634,'142',105,110,1.5972,0.505848,2,0,0,0,100,0)
insert into AVAL_LINHAS values ('CJU06',6881634,'143',105,92,1.5972,0.505848,0,0,0,0,116,0)
insert into AVAL_LINHAS values ('CJU06',6881634,'144',92,456,1.5972,0.505848,2,0,0,0,100,0)
insert into AVAL_LINHAS values ('CJU06',6881634,'145',92,86,1.5972,0.505848,0,0,0,0,116,0)
insert into AVAL_LINHAS values ('CJU06',6881634,'146',86,450,1.5972,0.505848,2,0,0,0,100,0)
insert into AVAL_LINHAS values ('CJU06',6881634,'147',86,62,1.5972,0.505848,2,0,0,0,100,0)
insert into AVAL_LINHAS values ('CJU06',6881634,'148',62,55,1.5972,0.505848,0,0,0,0,116,0)
insert into AVAL_LINHAS values ('CJU06',6881634,'149',55,446,1.5972,0.505848,0,0,0,0,116,0)
insert into AVAL_LINHAS values ('CJU06',6881634,'150',55,54,1.5972,0.505848,2,0,0,0,100,0)
insert into AVAL_LINHAS values ('CJU06',6881634,'151',54,53,1.5972,0.505848,0,0,0,0,116,0)
insert into AVAL_LINHAS values ('CJU06',6881634,'152',54,50,1.5972,0.505848,0,0,0,0,116,0)
insert into AVAL_LINHAS values ('CJU06',6881634,'153',50,48,1.5972,0.505848,0,0,0,0,116,0)
insert into AVAL_LINHAS values ('CJU06',6881634,'154',50,439,1.5972,0.505848,2,0,0,0,100,0)
insert into AVAL_LINHAS values ('CJU06',6881634,'155',62,63,1.5972,0.505848,2,0,0,0,100,0)
insert into AVAL_LINHAS values ('CJU06',6881634,'156',63,60,1.5972,0.505848,2,0,0,0,100,0)
insert into AVAL_LINHAS values ('CJU06',6881634,'157',60,52,1.5972,0.505848,0,0,0,0,116,0)
insert into AVAL_LINHAS values ('CJU06',6881634,'158',60,61,1.5972,0.505848,2,0,0,0,100,0)
insert into AVAL_LINHAS values ('CJU06',6881634,'159',63,66,1.5972,0.505848,0,0,0,0,116,0)
insert into AVAL_LINHAS values ('CJU06',6881634,'160',66,68,1.5972,0.505848,0,0,0,0,116,0)
insert into AVAL_LINHAS values ('CJU06',6881634,'161',66,88,1.5972,0.505848,2,0,0,0,100,0)
insert into AVAL_LINHAS values ('CJU06',6881634,'162',88,96,1.5972,0.505848,0,0,0,0,116,0)
insert into AVAL_LINHAS values ('CJU06',6881634,'163',88,82,1.5972,0.505848,2,0,0,0,100,0)
insert into AVAL_LINHAS values ('CJU06',6881634,'164',82,69,1.5972,0.505848,2,0,0,0,100,0)
insert into AVAL_LINHAS values ('CJU06',6881634,'165',82,76,1.5972,0.505848,0,0,0,0,116,0)
insert into AVAL_LINHAS values ('CJU06',6881634,'166',76,561,1.5972,0.505848,0,0,0,0,116,0)
insert into AVAL_LINHAS values ('CJU06',6881634,'167',76,72,1.5972,0.505848,0,0,0,0,116,0)
insert into AVAL_LINHAS values ('CJU06',6881634,'168',72,71,1.5972,0.505848,0,0,0,0,116,0)
insert into AVAL_LINHAS values ('CJU06',6881634,'169',72,89,1.5972,0.505848,2,0,0,0,100,0)
insert into AVAL_LINHAS values ('CJU06',6881634,'170',89,87,1.5972,0.505848,2,0,0,0,100,0)
insert into AVAL_LINHAS values ('CJU06',6881634,'171',89,94,1.5972,0.505848,0,0,0,0,116,0)
insert into AVAL_LINHAS values ('CJU06',6881634,'172',94,98,1.5972,0.505848,0,0,0,0,116,0)
insert into AVAL_LINHAS values ('CJU06',6881634,'173',94,102,1.5972,0.505848,2,0,0,0,100,0)
insert into AVAL_LINHAS values ('CJU06',6881634,'174',117,122,1.5972,0.505848,2,0,0,0,100,0)
insert into AVAL_LINHAS values ('CJU06',6881634,'175',150,465,1.5972,0.505848,2,0,0,0,100,0)
insert into AVAL_LINHAS values ('CJU06',6881634,'176',162,166,1.5972,0.505848,2,0,0,0,50,0)
insert into AVAL_LINHAS values ('CJU06',6881634,'177',166,168,1.5972,0.505848,0,0,0,0,116,0)
insert into AVAL_LINHAS values ('CJU06',6881634,'178',166,159,1.5972,0.505848,2,0,0,0,100,0)
insert into AVAL_LINHAS values ('CJU06',6881634,'179',173,471,1.5972,0.54365,2,0,0,0,100,0)
insert into AVAL_LINHAS values ('CJU06',6881634,'180',197,480,1.5972,0.505848,2,0,0,0,100,0)
insert into AVAL_LINHAS values ('CJU06',6881634,'181',211,241,1.5972,0.505848,2,0,0,0,100,0)
insert into AVAL_LINHAS values ('CJU06',6881634,'182',241,493,1.5972,0.505848,2,0,0,0,100,0)
insert into AVAL_LINHAS values ('CJU06',6881634,'183',241,502,1.5972,0.505848,2,0,0,0,100,0)
insert into AVAL_LINHAS values ('CJU06',6881634,'184',211,216,1.5972,0.505848,0,0,0,0,116,0)
insert into AVAL_LINHAS values ('CJU06',6881634,'185',216,204,1.5972,0.505848,2,0,0,0,100,0)
insert into AVAL_LINHAS values ('CJU06',6881634,'186',204,481,1.5972,0.54365,0,0,0,0,116,0)
insert into AVAL_LINHAS values ('CJU06',6881634,'187',216,219,1.5972,0.505848,0,0,0,0,116,0)
insert into AVAL_LINHAS values ('CJU06',6881634,'188',219,222,1.5972,0.505848,2,0,0,0,100,0)
insert into AVAL_LINHAS values ('CJU06',6881634,'189',219,228,1.5972,0.505848,0,0,0,0,116,0)
insert into AVAL_LINHAS values ('CJU06',6881634,'190',228,196,1.5972,0.505848,2,0,0,0,100,0)
insert into AVAL_LINHAS values ('CJU06',6881634,'191',196,479,1.5972,0.505848,2,0,0,0,100,0)
insert into AVAL_LINHAS values ('CJU06',6881634,'192',196,190,1.5972,0.505848,0,0,0,0,116,0)
insert into AVAL_LINHAS values ('CJU06',6881634,'193',190,549,1.5972,0.505848,2,0,0,0,100,0)
insert into AVAL_LINHAS values ('CJU06',6881634,'194',190,171,1.5972,0.505848,0,0,0,0,116,0)
insert into AVAL_LINHAS values ('CJU06',6881634,'195',171,469,1.5972,0.505848,0,0,0,0,116,0)
insert into AVAL_LINHAS values ('CJU06',6881634,'196',171,146,1.5972,0.505848,0,0,0,0,116,0)
insert into AVAL_LINHAS values ('CJU06',6881634,'197',228,229,1.5972,0.505848,0,0,0,0,116,0)
insert into AVAL_LINHAS values ('CJU06',6881634,'198',229,230,1.5972,0.505848,2,0,0,0,100,0)
insert into AVAL_LINHAS values ('CJU06',6881634,'199',229,235,1.5972,0.505848,0,0,0,0,116,0)
insert into AVAL_LINHAS values ('CJU06',6881634,'200',235,487,1.5972,0.505848,2,0,0,0,100,0)
insert into AVAL_LINHAS values ('CJU06',6881634,'201',235,255,1.5972,0.505848,2,0,0,0,100,0)
insert into AVAL_LINHAS values ('CJU06',6881634,'202',255,501,1.5972,0.505848,0,0,0,0,116,0)
insert into AVAL_LINHAS values ('CJU06',6881634,'203',255,507,1.5972,0.505848,2,0,0,0,100,0)
insert into AVAL_LINHAS values ('CJU06',6881634,'204',212,482,1.5972,0.505848,2,0,0,0,100,0)
insert into AVAL_LINHAS values ('CJU06',6881634,'205',218,484,1.5972,0.505848,0,0,0,0,116,0)
insert into AVAL_LINHAS values ('CJU06',6881634,'206',217,194,1.5972,0.505848,2,0,0,0,100,0)
insert into AVAL_LINHAS values ('CJU06',6881634,'207',215,195,99.9999,99.9999,2,0,0,0,116,0)
insert into AVAL_LINHAS values ('CJU06',6881634,'208',214,242,1.5972,0.505848,2,0,0,0,100,0)
insert into AVAL_LINHAS values ('CJU06',6881634,'209',209,485,1.5972,0.505848,2,0,0,0,100,0)
insert into AVAL_LINHAS values ('CJU06',6881634,'210',205,187,1.5972,0.505848,2,0,0,0,100,0)
insert into AVAL_LINHAS values ('CJU06',6881634,'211',187,185,1.5972,0.505848,0,0,0,0,116,0)
insert into AVAL_LINHAS values ('CJU06',6881634,'212',187,477,1.5972,0.505848,0,0,0,0,116,0)
insert into AVAL_LINHAS values ('CJU06',6881634,'213',201,193,1.5972,0.505848,2,0,0,0,100,0)
insert into AVAL_LINHAS values ('CJU06',6881634,'214',202,483,1.5972,0.505848,0,0,0,0,116,0)
insert into AVAL_LINHAS values ('CJU06',6881634,'215',200,161,1.5972,0.505848,2,0,0,0,100,0)
insert into AVAL_LINHAS values ('CJU06',6881634,'216',161,466,1.5972,0.505848,2,0,0,0,100,0)
insert into AVAL_LINHAS values ('CJU06',6881634,'217',161,160,1.5972,0.505848,2,0,0,0,100,0)
insert into AVAL_LINHAS values ('CJU06',6881634,'218',160,121,1.5972,0.505848,2,0,0,0,50,0)
insert into AVAL_LINHAS values ('CJU06',6881634,'219',160,155,1.5972,0.505848,0,0,0,0,116,0)
insert into AVAL_LINHAS values ('CJU06',6881634,'220',155,467,1.5972,0.505848,0,0,0,0,116,0)
insert into AVAL_LINHAS values ('CJU06',6881634,'221',155,152,1.5972,0.505848,2,0,0,0,100,0)
insert into AVAL_LINHAS values ('CJU06',6881634,'222',152,132,1.5972,0.505848,0,0,0,0,116,0)
insert into AVAL_LINHAS values ('CJU06',6881634,'223',152,112,1.5972,0.505848,2,0,0,0,100,0)
insert into AVAL_LINHAS values ('CJU06',6881634,'224',198,227,1.5972,0.505848,2,0,0,0,100,0)
insert into AVAL_LINHAS values ('CJU06',6881634,'225',227,490,1.5972,0.505848,0,0,0,0,116,0)
insert into AVAL_LINHAS values ('CJU06',6881634,'226',227,491,1.5972,0.505848,2,0,0,0,100,0)
insert into AVAL_LINHAS values ('CJU06',6881634,'227',179,183,1.5972,0.505848,2,0,0,0,100,0)
insert into AVAL_LINHAS values ('CJU06',6881634,'228',183,474,1.5972,0.505848,0,0,0,0,116,0)
insert into AVAL_LINHAS values ('CJU06',6881634,'229',183,478,1.5972,0.505848,0,0,0,0,116,0)
insert into AVAL_LINHAS values ('CJU06',6881634,'230',174,472,1.5972,0.505848,2,0,0,0,100,0)
insert into AVAL_LINHAS values ('CJU06',6881634,'231',177,147,1.5972,0.505848,2,0,0,0,50,0)
insert into AVAL_LINHAS values ('CJU06',6881634,'232',147,143,1.5972,0.505848,0,0,0,0,116,0)
insert into AVAL_LINHAS values ('CJU06',6881634,'233',147,106,1.5972,0.505848,2,0,0,0,100,0)
insert into AVAL_LINHAS values ('CJU06',6881634,'234',181,470,1.5972,0.54365,0,0,0,0,116,0)
insert into AVAL_LINHAS values ('CJU06',6881634,'235',188,476,1.5972,0.505848,2,0,0,0,100,0)
insert into AVAL_LINHAS values ('CJU06',6881634,'236',220,486,1.5972,0.505848,2,0,0,0,100,0)
insert into AVAL_LINHAS values ('CJU06',6881634,'237',223,489,1.5972,0.505848,0,0,0,0,116,0)
insert into AVAL_LINHAS values ('CJU06',6881634,'238',245,233,1.5972,0.505848,2,0,0,0,100,0)
insert into AVAL_LINHAS values ('CJU06',6881634,'239',262,267,1.5972,0.505848,2,0,0,0,50,0)
insert into AVAL_LINHAS values ('CJU06',6881634,'240',267,506,1.5972,0.505848,0,0,0,0,116,0)
insert into AVAL_LINHAS values ('CJU06',6881634,'241',267,287,1.5972,0.505848,2,0,0,0,100,0)
insert into AVAL_LINHAS values ('CJU06',6881634,'242',287,291,1.5972,0.505848,0,0,0,0,116,0)
insert into AVAL_LINHAS values ('CJU06',6881634,'243',287,279,1.5972,0.505848,2,0,0,0,100,0)
insert into AVAL_LINHAS values ('CJU06',6881634,'244',279,277,1.5972,0.505848,0,0,0,0,116,0)
insert into AVAL_LINHAS values ('CJU06',6881634,'245',277,563,1.5972,0.505848,0,0,0,0,116,0)
insert into AVAL_LINHAS values ('CJU06',6881634,'246',277,276,1.5972,0.505848,0,0,0,0,116,0)
insert into AVAL_LINHAS values ('CJU06',6881634,'247',279,261,1.5972,0.505848,2,0,0,0,100,0)
insert into AVAL_LINHAS values ('CJU06',6881634,'248',261,559,1.5972,0.505848,0,0,0,0,116,0)
insert into AVAL_LINHAS values ('CJU06',6881634,'249',261,257,1.5972,0.505848,0,0,0,0,116,0)
insert into AVAL_LINHAS values ('CJU06',6881634,'250',257,256,1.5972,0.505848,2,0,0,0,100,0)
insert into AVAL_LINHAS values ('CJU06',6881634,'251',257,254,1.5972,0.505848,0,0,0,0,116,0)
insert into AVAL_LINHAS values ('CJU06',6881634,'252',254,253,1.5972,0.505848,0,0,0,0,116,0)
insert into AVAL_LINHAS values ('CJU06',6881634,'253',254,239,1.5972,0.505848,2,0,0,0,100,0)
insert into AVAL_LINHAS values ('CJU06',6881634,'254',239,232,1.5972,0.505848,0,0,0,0,116,0)
insert into AVAL_LINHAS values ('CJU06',6881634,'255',239,562,1.5972,0.505848,2,0,0,0,100,0)
insert into AVAL_LINHAS values ('CJU06',6881634,'256',266,505,1.5972,0.505848,2,0,0,0,100,0)
insert into AVAL_LINHAS values ('CJU06',6881634,'257',289,264,1.5972,0.505848,2,0,0,0,100,0)
insert into AVAL_LINHAS values ('CJU06',6881634,'258',264,504,1.5972,0.505848,2,0,0,0,100,0)
insert into AVAL_LINHAS values ('CJU06',6881634,'259',264,243,1.5972,0.505848,0,0,0,0,116,0)
insert into AVAL_LINHAS values ('CJU06',6881634,'260',243,496,1.5972,0.505848,2,0,0,0,100,0)
insert into AVAL_LINHAS values ('CJU06',6881634,'261',243,236,1.5972,0.505848,0,0,0,0,116,0)
insert into AVAL_LINHAS values ('CJU06',6881634,'262',236,221,1.5972,0.505848,2,0,0,0,100,0)
insert into AVAL_LINHAS values ('CJU06',6881634,'263',236,237,1.5972,0.505848,2,0,0,0,100,0)
insert into AVAL_LINHAS values ('CJU06',6881634,'264',237,238,1.5972,0.505848,0,0,0,0,116,0)
insert into AVAL_LINHAS values ('CJU06',6881634,'265',237,548,1.5972,0.505848,2,0,0,0,100,0)
insert into AVAL_LINHAS values ('CJU06',6881634,'266',293,516,1.5972,0.505848,2,0,0,0,100,0)
insert into AVAL_LINHAS values ('CJU06',6881634,'267',301,280,0.9341,0.474338,2,0,0,0,100,0)
insert into AVAL_LINHAS values ('CJU06',6881634,'268',280,286,1.5972,0.505848,0,0,0,0,116,0)
insert into AVAL_LINHAS values ('CJU06',6881634,'269',280,510,0.9341,0.474338,2,0,0,0,50,0)
insert into AVAL_LINHAS values ('CJU06',6881634,'270',524,323,1.5972,0.505848,2,0,0,0,100,0)
insert into AVAL_LINHAS values ('CJU06',6881634,'271',323,326,1.5972,0.505848,0,0,0,0,116,0)
insert into AVAL_LINHAS values ('CJU06',6881634,'272',323,317,1.5972,0.505848,2,0,0,0,100,0)
insert into AVAL_LINHAS values ('CJU06',6881634,'273',317,547,1.5972,0.505848,0,0,0,0,116,0)
insert into AVAL_LINHAS values ('CJU06',6881634,'274',339,337,0.947718,0.452666,2,0,0,0,100,0)
insert into AVAL_LINHAS values ('CJU06',6881634,'275',337,332,100,100,2,0,0,0,151,0)
insert into AVAL_LINHAS values ('CJU06',6881634,'276',337,333,0.947718,0.452666,0,0,0,0,151,0)
insert into AVAL_LINHAS values ('CJU06',6881634,'277',333,336,0.9387,0.4527,0,0,0,0,151,0)
insert into AVAL_LINHAS values ('CJU06',6881634,'278',336,551,0.9387,0.4527,2,0,0,0,100,0)
insert into AVAL_LINHAS values ('CJU06',6881634,'279',336,338,0.595418,0.435239,0,0,0,0,202,0)
insert into AVAL_LINHAS values ('CJU06',6881634,'280',338,334,100,100,2,0,0,0,202,0)
insert into AVAL_LINHAS values ('CJU06',6881634,'281',338,530,0.595418,0.435239,0,0,0,0,202,0)
insert into AVAL_LINHAS values ('CJU06',6881634,'282',530,340,0.947718,0.452666,0,0,0,0,151,0)
insert into AVAL_LINHAS values ('CJU06',6881634,'283',340,532,0.9387,0.4527,2,0,0,0,100,0)
insert into AVAL_LINHAS values ('CJU06',6881634,'284',340,347,0.9387,0.4527,2,0,0,0,100,0)
insert into AVAL_LINHAS values ('CJU06',6881634,'285',349,355,0.5682,0.292,2,0,0,0,100,0)
insert into AVAL_LINHAS values ('CJU06',6881634,'286',342,358,0.5906,0.4352,2,0,0,0,100,0)
insert into AVAL_LINHAS values ('CJU06',6881634,'287',358,369,0.5906,0.4352,0,0,0,0,202,0)
insert into AVAL_LINHAS values ('CJU06',6881634,'288',369,535,0.5906,0.4352,0,0,0,0,202,0)
insert into AVAL_LINHAS values ('CJU06',6881634,'289',369,367,0.5906,0.4352,0,0,0,0,202,0)
insert into AVAL_LINHAS values ('CJU06',6881634,'290',367,364,0.5906,0.4352,0,0,0,0,202,0)
insert into AVAL_LINHAS values ('CJU06',6881634,'291',367,552,0.5906,0.4352,0,0,0,0,202,0)
insert into AVAL_LINHAS values ('CJU06',6881634,'292',367,370,0.5906,0.4352,0,0,0,0,202,0)
insert into AVAL_LINHAS values ('CJU06',6881634,'293',370,397,0.5682,0.292,2,0,0,0,100,0)
insert into AVAL_LINHAS values ('CJU06',6881634,'294',397,564,0.5682,0.292,0,0,0,0,310,0)
insert into AVAL_LINHAS values ('CJU06',6881634,'295',341,555,1.5972,0.505848,2,0,0,0,100,0)
insert into AVAL_LINHAS values ('CJU06',6881634,'296',352,350,0.5682,0.292,2,0,0,0,100,0)
insert into AVAL_LINHAS values ('CJU06',6881634,'297',350,348,0.491486,0.307676,2,0,0,0,300,0)
insert into AVAL_LINHAS values ('CJU06',6881634,'298',348,533,0.491486,0.307676,0,0,0,0,310,0)
insert into AVAL_LINHAS values ('CJU06',6881634,'299',348,344,0.5682,0.292,0,0,0,0,310,0)
insert into AVAL_LINHAS values ('CJU06',6881634,'300',344,531,0.5682,0.292,0,0,0,0,310,0)
insert into AVAL_LINHAS values ('CJU06',6881634,'301',354,353,0.5682,0.292,0,0,0,0,310,0)
insert into AVAL_LINHAS values ('CJU06',6881634,'302',357,534,0.9387,0.4527,0,0,0,0,151,0)
insert into AVAL_LINHAS values ('CJU06',6881634,'303',375,389,0.947718,0.452666,2,0,0,0,100,0)
insert into AVAL_LINHAS values ('CJU06',6881634,'304',389,421,0.947718,0.452666,0,0,0,0,151,0)
insert into AVAL_LINHAS values ('CJU06',6881634,'305',421,428,0.947715,0.452656,0,0,0,0,151,0)
insert into AVAL_LINHAS values ('CJU06',6881634,'306',377,366,0.9387,0.4527,0,0,0,0,151,0)
insert into AVAL_LINHAS values ('CJU06',6881634,'307',366,360,0.947718,0.452666,0,0,0,0,151,0)
insert into AVAL_LINHAS values ('CJU06',6881634,'308',360,345,0.947718,0.452666,0,0,0,0,151,0)
insert into AVAL_LINHAS values ('CJU06',6881634,'309',345,320,0.9387,0.4527,0,0,0,0,151,0)
insert into AVAL_LINHAS values ('CJU06',6881634,'310',320,316,0.9387,0.4527,2,0,0,0,100,0)
insert into AVAL_LINHAS values ('CJU06',6881634,'311',385,395,0.9387,0.4527,0,0,0,0,151,0)
insert into AVAL_LINHAS values ('CJU06',6881634,'312',395,413,0.947718,0.452666,0,0,0,0,151,0)
insert into AVAL_LINHAS values ('CJU06',6881634,'313',413,426,0.947718,0.452666,2,0,0,0,100,0)
insert into AVAL_LINHAS values ('CJU06',6881634,'314',388,400,0.947718,0.452666,0,0,0,0,151,0)
insert into AVAL_LINHAS values ('CJU06',6881634,'315',400,557,0.5682,0.292,0,0,0,0,310,0)
insert into AVAL_LINHAS values ('CJU06',6881634,'316',400,407,0.9387,0.4527,0,0,0,0,151,0)
insert into AVAL_LINHAS values ('CJU06',6881634,'317',407,425,0.9387,0.4527,2,0,0,0,100,0)
insert into AVAL_LINHAS values ('CJU06',6881634,'318',388,381,0.9387,0.4527,0,0,0,0,151,0)
insert into AVAL_LINHAS values ('CJU06',6881634,'319',381,362,0.947718,0.452666,0,0,0,0,151,0)
insert into AVAL_LINHAS values ('CJU06',6881634,'320',362,351,0.595418,0.435239,0,0,0,0,202,0)
insert into AVAL_LINHAS values ('CJU06',6881634,'321',351,330,0.595418,0.435239,2,0,0,0,100,0)
insert into AVAL_LINHAS values ('CJU06',6881634,'322',387,390,0.9387,0.4527,0,0,0,0,151,0)
insert into AVAL_LINHAS values ('CJU06',6881634,'323',390,391,0.9387,0.4527,0,0,0,0,151,0)
insert into AVAL_LINHAS values ('CJU06',6881634,'324',390,405,0.9387,0.4527,0,0,0,0,151,0)
insert into AVAL_LINHAS values ('CJU06',6881634,'325',405,410,0.9387,0.4527,0,0,0,0,151,0)
insert into AVAL_LINHAS values ('CJU06',6881634,'326',410,556,0.5682,0.292,0,0,0,0,310,0)
insert into AVAL_LINHAS values ('CJU06',6881634,'327',410,418,0.9387,0.4527,0,0,0,0,151,0)
insert into AVAL_LINHAS values ('CJU06',6881634,'328',418,423,0.947716,0.452659,3,0,0,0,151,0)
insert into AVAL_LINHAS values ('CJU06',6881634,'329',387,539,0.9387,0.4527,0,0,0,0,151,0)
insert into AVAL_LINHAS values ('CJU06',6881634,'330',539,372,0.9387,0.4527,0,0,0,0,151,0)
insert into AVAL_LINHAS values ('CJU06',6881634,'331',372,373,0.9387,0.4527,0,0,0,0,151,0)
insert into AVAL_LINHAS values ('CJU06',6881634,'332',372,536,0.9387,0.4527,0,0,0,0,151,0)
insert into AVAL_LINHAS values ('CJU06',6881634,'333',372,363,0.947718,0.452666,2,0,0,0,100,0)
insert into AVAL_LINHAS values ('CJU06',6881634,'334',363,346,0.947718,0.452666,0,0,0,0,151,0)
insert into AVAL_LINHAS values ('CJU06',6881634,'335',346,327,0.947716,0.452659,0,0,0,0,151,0)
insert into AVAL_LINHAS values ('CJU06',6881634,'336',327,313,0.947718,0.452666,0,0,0,0,151,0)
insert into AVAL_LINHAS values ('CJU06',6881634,'337',313,314,0.9387,0.4527,0,0,0,0,151,0)
insert into AVAL_LINHAS values ('CJU06',6881634,'338',314,526,100,100,2,0,0,0,151,0)
insert into AVAL_LINHAS values ('CJU06',6881634,'339',314,318,0.9387,0.4527,0,0,0,0,151,0)
insert into AVAL_LINHAS values ('CJU06',6881634,'340',313,303,0.9387,0.4527,0,0,0,0,151,0)
insert into AVAL_LINHAS values ('CJU06',6881634,'341',303,300,0.9387,0.4527,2,0,0,0,100,0)
insert into AVAL_LINHAS values ('CJU06',6881634,'342',303,302,0.9387,0.4527,0,0,0,0,151,0)
insert into AVAL_LINHAS values ('CJU06',6881634,'343',302,522,0.9387,0.4527,0,0,0,0,151,0)
insert into AVAL_LINHAS values ('CJU06',6881634,'344',382,379,0.9387,0.4527,0,0,0,0,151,0)
insert into AVAL_LINHAS values ('CJU06',6881634,'345',382,393,0.9387,0.4527,0,0,0,0,151,0)
insert into AVAL_LINHAS values ('CJU06',6881634,'346',393,408,0.9387,0.4527,0,0,0,0,151,0)
insert into AVAL_LINHAS values ('CJU06',6881634,'347',408,543,0.947718,0.452666,2,0,0,0,100,0)
insert into AVAL_LINHAS values ('CJU06',6881634,'348',378,365,0.947718,0.452666,0,0,0,0,151,0)
insert into AVAL_LINHAS values ('CJU06',6881634,'349',378,374,0.2112,0.251,0,0,0,0,575,0)
insert into AVAL_LINHAS values ('CJU06',6881634,'350',374,368,0.182681,0.266652,0,0,0,0,575,0)
insert into AVAL_LINHAS values ('CJU06',6881634,'351',368,359,0.182681,0.266652,2,0,0,0,100,0)
insert into AVAL_LINHAS values ('CJU06',6881634,'352',359,321,0.595418,0.435239,0,0,0,0,202,0)
insert into AVAL_LINHAS values ('CJU06',6881634,'353',321,529,0.5906,0.4352,0,0,0,0,202,0)
insert into AVAL_LINHAS values ('CJU06',6881634,'354',321,328,0.9387,0.4527,0,0,0,0,151,0)
insert into AVAL_LINHAS values ('CJU06',6881634,'355',328,329,0.9387,0.4527,0,0,0,0,151,0)
insert into AVAL_LINHAS values ('CJU06',6881634,'356',329,335,0.947718,0.452666,0,0,0,0,151,0)
insert into AVAL_LINHAS values ('CJU06',6881634,'357',328,308,0.947718,0.452666,0,0,0,0,151,0)
insert into AVAL_LINHAS values ('CJU06',6881634,'358',308,521,0.947718,0.452666,0,0,0,0,151,0)
insert into AVAL_LINHAS values ('CJU06',6881634,'359',521,305,0.5682,0.292,0,0,0,0,310,0)
insert into AVAL_LINHAS values ('CJU06',6881634,'360',521,299,0.9387,0.4527,0,0,0,0,151,0)
insert into AVAL_LINHAS values ('CJU06',6881634,'361',299,304,0.9387,0.4527,0,0,0,0,151,0)
insert into AVAL_LINHAS values ('CJU06',6881634,'362',299,298,0.9387,0.4527,0,0,0,0,151,0)
insert into AVAL_LINHAS values ('CJU06',6881634,'363',298,520,0.5682,0.292,0,0,0,0,310,0)
insert into AVAL_LINHAS values ('CJU06',6881634,'364',298,295,0.9387,0.4527,0,0,0,0,151,0)
insert into AVAL_LINHAS values ('CJU06',6881634,'365',295,519,0.9387,0.4527,0,0,0,0,151,0)
insert into AVAL_LINHAS values ('CJU06',6881634,'366',295,306,0.9387,0.4527,0,0,0,0,151,0)
insert into AVAL_LINHAS values ('CJU06',6881634,'367',306,523,0.5906,0.4352,0,0,0,0,202,0)
insert into AVAL_LINHAS values ('CJU06',6881634,'368',306,309,0.9387,0.4527,0,0,0,0,151,0)
insert into AVAL_LINHAS values ('CJU06',6881634,'369',309,311,0.5682,0.292,2,0,0,0,100,0)
insert into AVAL_LINHAS values ('CJU06',6881634,'370',311,527,0.5682,0.292,0,0,0,0,310,0)
insert into AVAL_LINHAS values ('CJU06',6881634,'371',311,525,0.5682,0.292,0,0,0,0,310,0)
insert into AVAL_LINHAS values ('CJU06',6881634,'372',525,315,0.5682,0.292,0,0,0,0,310,0)
insert into AVAL_LINHAS values ('CJU06',6881634,'373',315,312,0.5682,0.292,0,0,0,0,310,0)
insert into AVAL_LINHAS values ('CJU06',6881634,'374',315,528,0.5682,0.292,0,0,0,0,310,0)
insert into AVAL_LINHAS values ('CJU06',6881634,'375',528,322,0.5682,0.292,0,0,0,0,310,0)
insert into AVAL_LINHAS values ('CJU06',6881634,'376',528,319,0.5682,0.292,0,0,0,0,310,0)
insert into AVAL_LINHAS values ('CJU06',6881634,'377',319,325,0.5682,0.292,0,0,0,0,310,0)
insert into AVAL_LINHAS values ('CJU06',6881634,'378',319,324,0.5682,0.292,0,0,0,0,310,0)
insert into AVAL_LINHAS values ('CJU06',6881634,'379',324,310,0.5682,0.292,0,0,0,0,310,0)
insert into AVAL_LINHAS values ('CJU06',6881634,'380',299,294,0.9387,0.4527,0,0,0,0,151,0)
insert into AVAL_LINHAS values ('CJU06',6881634,'381',294,518,0.5682,0.292,0,0,0,0,310,0)
insert into AVAL_LINHAS values ('CJU06',6881634,'382',294,281,0.947718,0.452666,2,0,0,0,100,0)
insert into AVAL_LINHAS values ('CJU06',6881634,'383',281,282,0.9387,0.4527,0,0,0,0,151,0)
insert into AVAL_LINHAS values ('CJU06',6881634,'384',282,288,0.947718,0.452666,0,0,0,0,151,0)
insert into AVAL_LINHAS values ('CJU06',6881634,'385',288,290,0.9387,0.4527,0,0,0,0,151,0)
insert into AVAL_LINHAS values ('CJU06',6881634,'386',288,517,0.5906,0.4352,0,0,0,0,202,0)
insert into AVAL_LINHAS values ('CJU06',6881634,'387',281,272,0.9387,0.4527,0,0,0,0,151,0)
insert into AVAL_LINHAS values ('CJU06',6881634,'388',272,260,0.5906,0.4352,0,0,0,0,202,0)
insert into AVAL_LINHAS values ('CJU06',6881634,'389',272,268,0.9387,0.4527,0,0,0,0,151,0)
insert into AVAL_LINHAS values ('CJU06',6881634,'390',268,259,0.947718,0.452666,0,0,0,0,151,0)
insert into AVAL_LINHAS values ('CJU06',6881634,'391',259,251,0.947718,0.452666,0,0,0,0,151,0)
insert into AVAL_LINHAS values ('CJU06',6881634,'392',251,498,0.5906,0.4352,0,0,0,0,202,0)
insert into AVAL_LINHAS values ('CJU06',6881634,'393',498,499,0.5906,0.4352,0,0,0,0,202,0)
insert into AVAL_LINHAS values ('CJU06',6881634,'394',251,250,0.5906,0.4352,0,0,0,0,202,0)
insert into AVAL_LINHAS values ('CJU06',6881634,'395',250,247,0.595418,0.435239,0,0,0,0,202,0)
insert into AVAL_LINHAS values ('CJU06',6881634,'396',247,497,0.947716,0.452659,0,0,0,0,151,0)
insert into AVAL_LINHAS values ('CJU06',6881634,'397',247,495,0.595416,0.435232,0,0,0,0,202,0)
insert into AVAL_LINHAS values ('CJU06',6881634,'398',268,275,0.9387,0.4527,1,0,0,0,151,0)
insert into AVAL_LINHAS values ('CJU06',6881634,'399',275,296,0.947718,0.452666,0,0,0,0,151,0)
insert into AVAL_LINHAS values ('CJU06',6881634,'400',296,297,0.947718,0.452666,0,0,0,0,151,0)
insert into AVAL_LINHAS values ('CJU06',6881634,'401',297,292,0.595416,0.435232,2,0,0,0,100,0)
insert into AVAL_LINHAS values ('CJU06',6881634,'402',292,284,0.5906,0.4352,0,0,0,0,202,0)
insert into AVAL_LINHAS values ('CJU06',6881634,'403',284,508,0.5906,0.4352,0,0,0,0,202,0)
insert into AVAL_LINHAS values ('CJU06',6881634,'404',284,285,0.5906,0.4352,0,0,0,0,202,0)
insert into AVAL_LINHAS values ('CJU06',6881634,'405',285,509,0.5906,0.4352,0,0,0,0,202,0)
insert into AVAL_LINHAS values ('CJU06',6881634,'406',285,515,0.5906,0.4352,0,0,0,0,202,0)
insert into AVAL_LINHAS values ('CJU06',6881634,'407',284,283,0.595416,0.435232,2,0,0,0,100,0)
insert into AVAL_LINHAS values ('CJU06',6881634,'408',283,512,0.5906,0.4352,0,0,0,0,202,0)
insert into AVAL_LINHAS values ('CJU06',6881634,'409',283,513,0.5906,0.4352,0,0,0,0,202,0)
insert into AVAL_LINHAS values ('CJU06',6881634,'410',283,511,0.5906,0.4352,0,0,0,0,202,0)
insert into AVAL_LINHAS values ('CJU06',6881634,'411',281,278,0.9387,0.4527,0,0,0,0,151,0)
insert into AVAL_LINHAS values ('CJU06',6881634,'412',278,273,0.9387,0.4527,2,0,0,0,100,0)
insert into AVAL_LINHAS values ('CJU06',6881634,'413',273,274,0.9387,0.4527,0,0,0,0,151,0)
insert into AVAL_LINHAS values ('CJU06',6881634,'414',274,514,0.5682,0.292,0,0,0,0,310,0)
insert into AVAL_LINHAS values ('CJU06',6881634,'415',273,263,0.9387,0.4527,0,0,0,0,151,0)
insert into AVAL_LINHAS values ('CJU06',6881634,'416',263,503,1.5972,0.505848,2,0,0,0,100,0)
insert into AVAL_LINHAS values ('CJU06',6881634,'417',263,258,0.9387,0.4527,0,0,0,0,151,0)
insert into AVAL_LINHAS values ('CJU06',6881634,'418',258,265,1.5972,0.505848,2,0,0,0,100,0)
insert into AVAL_LINHAS values ('CJU06',6881634,'419',265,269,1.5972,0.505848,0,0,0,0,116,0)
insert into AVAL_LINHAS values ('CJU06',6881634,'420',269,270,1.5972,0.505848,0,0,0,0,116,0)
insert into AVAL_LINHAS values ('CJU06',6881634,'421',269,271,1.5972,0.505848,2,0,0,0,100,0)
insert into AVAL_LINHAS values ('CJU06',6881634,'422',258,252,0.9387,0.4527,0,0,0,0,151,0)
insert into AVAL_LINHAS values ('CJU06',6881634,'423',252,500,1.5972,0.505848,2,0,0,0,50,0)
insert into AVAL_LINHAS values ('CJU06',6881634,'424',252,249,0.9387,0.4527,0,0,0,0,151,0)
insert into AVAL_LINHAS values ('CJU06',6881634,'425',249,248,1.5972,0.505848,2,0,0,0,100,0)
insert into AVAL_LINHAS values ('CJU06',6881634,'426',249,246,0.9387,0.4527,0,0,0,0,151,0)
insert into AVAL_LINHAS values ('CJU06',6881634,'427',246,240,1.5972,0.505848,2,0,0,0,50,0)
insert into AVAL_LINHAS values ('CJU06',6881634,'428',240,494,1.5972,0.505848,2,0,0,0,50,0)
insert into AVAL_LINHAS values ('CJU06',6881634,'429',240,224,1.5972,0.505848,0,0,0,0,116,0)
insert into AVAL_LINHAS values ('CJU06',6881634,'430',224,488,1.5972,0.505848,2,0,0,0,50,0)
insert into AVAL_LINHAS values ('CJU06',6881634,'431',224,210,1.5972,0.505848,0,0,0,0,116,0)
insert into AVAL_LINHAS values ('CJU06',6881634,'432',210,208,1.5972,0.505848,0,0,0,0,116,0)
insert into AVAL_LINHAS values ('CJU06',6881634,'433',210,226,1.5972,0.505848,2,0,0,0,100,0)
insert into AVAL_LINHAS values ('CJU06',6881634,'434',226,225,1.5972,0.505848,2,0,0,0,100,0)
insert into AVAL_LINHAS values ('CJU06',6881634,'435',226,231,1.5972,0.505848,0,0,0,0,116,0)
insert into AVAL_LINHAS values ('CJU06',6881634,'436',246,244,0.9387,0.4527,0,0,0,0,151,0)
insert into AVAL_LINHAS values ('CJU06',6881634,'437',244,558,0.9387,0.4527,0,0,0,0,151,0)
insert into AVAL_LINHAS values ('CJU06',6881634,'438',244,234,0.9387,0.4527,0,0,0,0,151,0)
insert into AVAL_LINHAS values ('CJU06',6881634,'439',234,492,1.5972,0.505848,2,0,0,0,100,0)
insert into AVAL_LINHAS values ('CJU06',6881634,'440',234,213,0.9387,0.4527,0,0,0,0,151,0)
insert into AVAL_LINHAS values ('CJU06',6881634,'441',213,203,1.5972,0.505848,2,0,0,0,100,0)
insert into AVAL_LINHAS values ('CJU06',6881634,'442',213,182,0.9387,0.4527,0,0,0,0,151,0)
insert into AVAL_LINHAS values ('CJU06',6881634,'443',182,473,1.5972,0.505848,2,0,0,0,100,0)
insert into AVAL_LINHAS values ('CJU06',6881634,'444',182,175,0.9387,0.4527,0,0,0,0,151,0)
insert into AVAL_LINHAS values ('CJU06',6881634,'445',175,180,1.5972,0.505848,2,0,0,0,100,0)
insert into AVAL_LINHAS values ('CJU06',6881634,'446',175,172,0.5682,0.292,2,0,0,0,100,0)
insert into AVAL_LINHAS values ('CJU06',6881634,'447',172,170,0.5682,0.292,0,0,0,0,310,0)
insert into AVAL_LINHAS values ('CJU06',6881634,'448',172,167,0.5682,0.292,0,0,0,0,310,0)
insert into AVAL_LINHAS values ('CJU06',6881634,'449',167,553,0.5682,0.292,0,0,0,0,310,0)
insert into AVAL_LINHAS values ('CJU06',6881634,'450',167,157,0.5682,0.292,0,0,0,0,310,0)
insert into AVAL_LINHAS values ('CJU06',6881634,'451',157,156,0.5682,0.292,0,0,0,0,310,0)
insert into AVAL_LINHAS values ('CJU06',6881634,'452',157,149,0.5682,0.292,2,0,0,0,100,0)
insert into AVAL_LINHAS values ('CJU06',6881634,'453',149,127,1.0503,0.509329,2,0,0,0,50,0)
insert into AVAL_LINHAS values ('CJU06',6881634,'454',127,120,1.5972,0.505848,2,0,0,0,50,0)
insert into AVAL_LINHAS values ('CJU06',6881634,'455',127,119,1.0503,0.509329,0,0,0,0,153,0)
insert into AVAL_LINHAS values ('CJU06',6881634,'456',119,126,1.5972,0.505848,2,0,0,0,100,0)
insert into AVAL_LINHAS values ('CJU06',6881634,'457',126,123,1.5972,0.505848,0,0,0,0,116,0)
insert into AVAL_LINHAS values ('CJU06',6881634,'458',126,461,1.5972,0.505848,0,0,0,0,116,0)
insert into AVAL_LINHAS values ('CJU06',6881634,'459',119,95,1.0503,0.509329,0,0,0,0,153,0)
insert into AVAL_LINHAS values ('CJU06',6881634,'460',95,453,1.5972,0.505848,2,0,0,0,100,0)
insert into AVAL_LINHAS values ('CJU06',6881634,'461',95,84,1.0503,0.509329,0,0,0,0,153,0)
insert into AVAL_LINHAS values ('CJU06',6881634,'462',84,70,1.5972,0.505848,2,0,0,0,50,0)
insert into AVAL_LINHAS values ('CJU06',6881634,'463',70,67,1.5972,0.505848,0,0,0,0,116,0)
insert into AVAL_LINHAS values ('CJU06',6881634,'464',70,78,1.5972,0.505848,2,0,0,0,50,0)
insert into AVAL_LINHAS values ('CJU06',6881634,'465',78,80,1.5972,0.505848,0,0,0,0,116,0)
insert into AVAL_LINHAS values ('CJU06',6881634,'466',80,81,1.5972,0.505848,0,0,0,0,116,0)
insert into AVAL_LINHAS values ('CJU06',6881634,'467',80,75,1.5972,0.505848,2,0,0,0,100,0)
insert into AVAL_LINHAS values ('CJU06',6881634,'468',78,58,1.5972,0.505848,2,0,0,0,50,0)
insert into AVAL_LINHAS values ('CJU06',6881634,'469',84,444,1.0503,0.509329,0,0,0,0,153,0)
insert into AVAL_LINHAS values ('CJU06',6881634,'470',444,51,1.0503,0.509329,0,0,0,0,153,0)
insert into AVAL_LINHAS values ('CJU06',6881634,'471',51,442,1.5972,0.54365,0,0,0,0,116,0)
insert into AVAL_LINHAS values ('CJU06',6881634,'472',51,36,1.0503,0.509329,0,0,0,0,153,0)
insert into AVAL_LINHAS values ('CJU06',6881634,'473',36,37,1.5972,0.505848,0,0,0,0,116,0)
insert into AVAL_LINHAS values ('CJU06',6881634,'474',36,21,1.0503,0.509329,0,0,0,0,153,0)
insert into AVAL_LINHAS values ('CJU06',6881634,'475',21,19,1.0503,0.509329,3,0,0,0,153,0)
insert into AVAL_LINHAS values ('CJU06',6881634,'476',149,145,0.9387,0.4527,0,0,0,0,151,0)
insert into AVAL_LINHAS values ('CJU06',6881634,'477',145,133,1.5972,0.505848,2,0,0,0,100,0)
insert into AVAL_LINHAS values ('CJU06',6881634,'478',145,140,0.9387,0.4527,0,0,0,0,151,0)
insert into AVAL_LINHAS values ('CJU06',6881634,'479',140,463,1.5972,0.54365,2,0,0,0,100,0)
insert into AVAL_LINHAS values ('CJU06',6881634,'480',140,131,0.9387,0.4527,0,0,0,0,151,0)
insert into AVAL_LINHAS values ('CJU06',6881634,'481',131,129,1.5972,0.505848,2,0,0,0,100,0)
insert into AVAL_LINHAS values ('CJU06',6881634,'482',131,134,0.9387,0.4527,0,0,0,0,151,0)
insert into AVAL_LINHAS values ('CJU06',6881634,'483',134,115,1.5972,0.505848,2,0,0,0,50,0)
insert into AVAL_LINHAS values ('CJU06',6881634,'484',134,135,0.9387,0.4527,0,0,0,0,151,0)
insert into AVAL_LINHAS values ('CJU06',6881634,'485',135,158,1.5972,0.505848,2,0,0,0,50,0)
insert into AVAL_LINHAS values ('CJU06',6881634,'486',158,163,1.5972,0.505848,2,0,0,0,100,0)
insert into AVAL_LINHAS values ('CJU06',6881634,'487',163,165,1.5972,0.505848,0,0,0,0,116,0)
insert into AVAL_LINHAS values ('CJU06',6881634,'488',163,468,1.5972,0.505848,0,0,0,0,116,0)
insert into AVAL_LINHAS values ('CJU06',6881634,'489',163,545,1.5972,0.505848,0,0,0,0,116,0)
insert into AVAL_LINHAS values ('CJU06',6881634,'490',158,169,1.5972,0.505848,2,0,0,0,100,0)
insert into AVAL_LINHAS values ('CJU06',6881634,'491',169,176,1.5972,0.505848,0,0,0,0,116,0)
insert into AVAL_LINHAS values ('CJU06',6881634,'492',176,199,1.5972,0.505848,2,0,0,0,100,0)
insert into AVAL_LINHAS values ('CJU06',6881634,'493',176,178,1.5972,0.505848,0,0,0,0,116,0)
insert into AVAL_LINHAS values ('CJU06',6881634,'494',178,184,1.5972,0.505848,0,0,0,0,116,0)
insert into AVAL_LINHAS values ('CJU06',6881634,'495',178,475,1.5972,0.505848,2,0,0,0,100,0)
insert into AVAL_LINHAS values ('CJU06',6881634,'496',135,137,0.9387,0.4527,0,0,0,0,151,0)
insert into AVAL_LINHAS values ('CJU06',6881634,'497',137,111,1.5972,0.505848,2,0,0,0,100,0)
insert into AVAL_LINHAS values ('CJU06',6881634,'498',111,459,1.5972,0.505848,0,0,0,0,116,0)
insert into AVAL_LINHAS values ('CJU06',6881634,'499',111,93,1.5972,0.505848,2,0,0,0,100,0)
insert into AVAL_LINHAS values ('CJU06',6881634,'500',137,139,0.9387,0.4527,0,0,0,0,151,0)
insert into AVAL_LINHAS values ('CJU06',6881634,'501',139,136,1.5972,0.505848,2,0,0,0,100,0)
insert into AVAL_LINHAS values ('CJU06',6881634,'502',139,144,0.9387,0.4527,2,0,0,0,100,0)
insert into AVAL_LINHAS values ('CJU06',6881634,'503',144,151,1.5972,0.505848,2,0,0,0,100,0)
insert into AVAL_LINHAS values ('CJU06',6881634,'504',144,141,0.9387,0.4527,0,0,0,0,151,0)
insert into AVAL_LINHAS values ('CJU06',6881634,'505',141,464,1.5972,0.505848,2,0,0,0,50,0)
insert into AVAL_LINHAS values ('CJU06',6881634,'506',141,142,0.9387,0.4527,0,0,0,0,151,0)
insert into AVAL_LINHAS values ('CJU06',6881634,'507',142,130,1.5972,0.505848,2,0,0,0,50,0)
insert into AVAL_LINHAS values ('CJU06',6881634,'508',130,125,1.5972,0.505848,0,0,0,0,116,0)
insert into AVAL_LINHAS values ('CJU06',6881634,'509',130,124,1.5972,0.505848,2,0,0,0,100,0)
insert into AVAL_LINHAS values ('CJU06',6881634,'510',142,138,0.9387,0.4527,0,0,0,0,151,0)
insert into AVAL_LINHAS values ('CJU06',6881634,'511',138,153,1.5972,0.505848,2,0,0,0,50,0)
insert into AVAL_LINHAS values ('CJU06',6881634,'512',153,154,1.5972,0.505848,0,0,0,0,116,0)
insert into AVAL_LINHAS values ('CJU06',6881634,'513',153,148,1.5972,0.505848,2,0,0,0,50,0)
insert into AVAL_LINHAS values ('CJU06',6881634,'514',138,128,0.9387,0.4527,0,0,0,0,151,0)
insert into AVAL_LINHAS values ('CJU06',6881634,'515',128,462,1.5972,0.505848,2,0,0,0,100,0)
insert into AVAL_LINHAS values ('CJU06',6881634,'516',128,113,0.9387,0.4527,0,0,0,0,151,0)
insert into AVAL_LINHAS values ('CJU06',6881634,'517',113,460,1.5972,0.505848,2,0,0,0,100,0)
insert into AVAL_LINHAS values ('CJU06',6881634,'518',113,109,0.9387,0.4527,0,0,0,0,151,0)
insert into AVAL_LINHAS values ('CJU06',6881634,'519',109,458,1.5972,0.505848,2,0,0,0,50,0)
insert into AVAL_LINHAS values ('CJU06',6881634,'520',109,107,0.9387,0.4527,0,0,0,0,151,0)
insert into AVAL_LINHAS values ('CJU06',6881634,'521',107,103,1.5972,0.505848,2,0,0,0,100,0)
insert into AVAL_LINHAS values ('CJU06',6881634,'522',107,104,0.9387,0.4527,0,0,0,0,151,0)
insert into AVAL_LINHAS values ('CJU06',6881634,'523',104,457,1.5972,0.505848,2,0,0,0,100,0)
insert into AVAL_LINHAS values ('CJU06',6881634,'524',104,101,0.9387,0.4527,0,0,0,0,151,0)
insert into AVAL_LINHAS values ('CJU06',6881634,'525',101,455,1.5972,0.505848,2,0,0,0,100,0)
insert into AVAL_LINHAS values ('CJU06',6881634,'526',101,90,0.9387,0.4527,0,0,0,0,151,0)
insert into AVAL_LINHAS values ('CJU06',6881634,'527',90,83,1.5972,0.505848,2,0,0,0,100,0)
insert into AVAL_LINHAS values ('CJU06',6881634,'528',83,74,1.5972,0.505848,2,0,0,0,100,0)
insert into AVAL_LINHAS values ('CJU06',6881634,'529',83,64,1.5972,0.505848,0,0,0,0,116,0)
insert into AVAL_LINHAS values ('CJU06',6881634,'530',64,85,1.5972,0.505848,2,0,0,0,100,0)
insert into AVAL_LINHAS values ('CJU06',6881634,'531',64,59,1.5972,0.505848,0,0,0,0,116,0)
insert into AVAL_LINHAS values ('CJU06',6881634,'532',59,56,1.5972,0.505848,2,0,0,0,100,0)
insert into AVAL_LINHAS values ('CJU06',6881634,'533',59,443,1.5972,0.505848,2,0,0,0,100,0)
insert into AVAL_LINHAS values ('CJU06',6881634,'534',90,73,0.9387,0.4527,0,0,0,0,151,0)
insert into AVAL_LINHAS values ('CJU06',6881634,'535',73,77,1.5972,0.505848,2,0,0,0,100,0)
insert into AVAL_LINHAS values ('CJU06',6881634,'536',77,560,1.5972,0.505848,0,0,0,0,116,0)
insert into AVAL_LINHAS values ('CJU06',6881634,'537',77,79,1.5972,0.505848,0,0,0,0,116,0)
insert into AVAL_LINHAS values ('CJU06',6881634,'538',79,451,1.5972,0.505848,0,0,0,0,116,0)
insert into AVAL_LINHAS values ('CJU06',6881634,'539',73,65,0.9387,0.4527,0,0,0,0,151,0)
insert into AVAL_LINHAS values ('CJU06',6881634,'540',65,448,1.5972,0.505848,2,0,0,0,100,0)
insert into AVAL_LINHAS values ('CJU06',6881634,'541',65,57,1.5972,0.505848,2,0,0,0,50,0)
insert into AVAL_LINHAS values ('CJU06',6881634,'542',57,447,1.5972,0.505848,2,0,0,0,100,0)
insert into AVAL_LINHAS values ('CJU06',6881634,'543',57,49,1.5972,0.505848,0,0,0,0,116,0)
insert into AVAL_LINHAS values ('CJU06',6881634,'544',49,46,1.5972,0.505848,0,0,0,0,116,0)
insert into AVAL_LINHAS values ('CJU06',6881634,'545',49,41,1.5972,0.505848,2,0,0,0,50,0)
insert into AVAL_LINHAS values ('CJU06',6881634,'546',41,38,1.5972,0.505848,0,0,0,0,116,0)
insert into AVAL_LINHAS values ('CJU06',6881634,'547',41,24,1.5972,0.505848,2,0,0,0,50,0)
insert into AVAL_LINHAS values ('CJU06',6881634,'548',24,23,1.5972,0.505848,0,0,0,0,116,0)
insert into AVAL_LINHAS values ('CJU06',6881634,'549',386,383,0.9387,0.4527,0,0,0,0,151,0)
insert into AVAL_LINHAS values ('CJU06',6881634,'550',383,538,0.947718,0.452666,0,0,0,0,151,0)
insert into AVAL_LINHAS values ('CJU06',6881634,'551',402,394,0.5906,0.4352,0,0,0,0,202,0)
insert into AVAL_LINHAS values ('CJU06',6881634,'552',394,540,0.5682,0.292,2,0,0,0,100,0)
insert into AVAL_LINHAS values ('CJU06',6881634,'553',540,541,0.5682,0.292,0,0,0,0,310,0)
insert into AVAL_LINHAS values ('CJU06',6881634,'554',540,542,0.5682,0.292,0,0,0,0,310,0)
insert into AVAL_LINHAS values ('CJU06',6881634,'555',540,537,0.5682,0.292,0,0,0,0,310,0)
insert into AVAL_LINHAS values ('CJU06',6881634,'556',415,417,0.947718,0.452666,2,0,0,0,100,0)
insert into AVAL_LINHAS values ('CJU06',6881634,'557',415,419,0.295,0.4089,1,0,0,0,313,0)
insert into AVAL_LINHAS values ('CJU06',6881634,'558',419,420,0.295,0.4089,3,0,0,0,313,0)
insert into AVAL_LINHAS values ('CJU06',6881634,'559',419,424,0.295,0.4089,3,0,0,0,313,0)
insert into AVAL_LINHAS values ('CJU06',6881634,'560',412,422,0.1876,0.387259,0,0,0,0,420,0)
insert into AVAL_LINHAS values ('CJU06',6881634,'561',422,427,0.187618,0.387241,3,0,0,0,400,0)
insert into AVAL_LINHAS values ('CJU06',6881634,'562',414,416,0.297718,0.408873,0,0,0,0,313,0)
insert into AVAL_LINHAS values ('CJU06',6881634,'563',411,399,1.5972,0.505848,2,0,0,0,100,0)
insert into AVAL_LINHAS values ('CJU06',6881634,'564',404,361,1.5972,0.505848,2,0,0,0,100,0)
insert into AVAL_LINHAS values ('CJU06',6881634,'565',398,401,0.1876,0.387259,3,0,0,0,400,0)


---------------------------------------------------------------------------------------- 
--			INFORMACOES DA REDE MAZ10 (NOS E LINHAS)

insert into AVAL_NOS  values ('MAZ10',6880542,0,'ali01',1,0,2,0.5,0,0,0,0,-22.890669,-47.191916)
insert into AVAL_NOS  values ('MAZ10',6880542,1,'cons',0,0,2,0.5,12,0,0,0,-22.890669,-47.191916)
insert into AVAL_NOS  values ('MAZ10',6880542,2,'cons',0,0,2,0.5,23,0,0,0,-22.889637,-47.192164)
insert into AVAL_NOS  values ('MAZ10',6880542,3,'cons',0,0,2,0.5,40,0,0,0,-22.888789,-47.192656)
insert into AVAL_NOS  values ('MAZ10',6880542,4,'cons',0,0,2,0.5,30,0,0,0,-22.889205,-47.193308)
insert into AVAL_NOS  values ('MAZ10',6880542,5,'cons',0,0,2,0.5,30,0,0,0,-22.88982,-47.194256)
insert into AVAL_NOS  values ('MAZ10',6880542,6,'cons',0,0,2,0.5,30,0,0,0,-22.89008,-47.194667)
insert into AVAL_NOS  values ('MAZ10',6880542,7,'cons',0,0,2,0.5,30,0,0,0,-22.890813,-47.19581)
insert into AVAL_NOS  values ('MAZ10',6880542,8,'cons',0,0,2,0.5,30,0,0,0,-22.890952,-47.19604)
insert into AVAL_NOS  values ('MAZ10',6880542,9,'cons',0,0,2,0.5,30,0,0,0,-22.891258,-47.196514)
insert into AVAL_NOS  values ('MAZ10',6880542,10,'cons',0,0,2,0.5,30,0,0,0,-22.891528,-47.196932)
insert into AVAL_NOS  values ('MAZ10',6880542,11,'cons',0,0,2,0.5,30,0,0,0,-22.892209,-47.198086)
insert into AVAL_NOS  values ('MAZ10',6880542,12,'cons',0,0,2,0.5,30,0,0,0,-22.893898,-47.196669)
insert into AVAL_NOS  values ('MAZ10',6880542,13,'cons',0,0,2,0.5,30,0,0,0,-22.894518,-47.197447)
insert into AVAL_NOS  values ('MAZ10',6880542,14,'cons',0,0,2,0.5,30,0,0,0,-22.894916,-47.197929)
insert into AVAL_NOS  values ('MAZ10',6880542,15,'cons',0,0,2,0.5,30,0,0,0,-22.895567,-47.198188)
insert into AVAL_NOS  values ('MAZ10',6880542,16,'cons',0,0,2,0.5,30,0,0,0,-22.897314,-47.196625)
insert into AVAL_NOS  values ('MAZ10',6880542,17,'cons',0,0,2,0.5,30,0,0,0,-22.898066,-47.195925)
insert into AVAL_NOS  values ('MAZ10',6880542,18,'cons',0,0,2,0.5,30,0,0,0,-22.898632,-47.195403)
insert into AVAL_NOS  values ('MAZ10',6880542,19,'cons',0,0,2,0.5,30,0,0,0,-22.89874,-47.195318)
insert into AVAL_NOS  values ('MAZ10',6880542,20,'cons',0,0,2,0.5,30,0,0,0,-22.8992,-47.195)
insert into AVAL_NOS  values ('MAZ10',6880542,21,'cons',0,0,2,0.5,30,0,0,0,-22.899993,-47.196785)
insert into AVAL_NOS  values ('MAZ10',6880542,22,'cons',0,0,2,0.5,30,0,0,0,-22.900242,-47.197348)
insert into AVAL_NOS  values ('MAZ10',6880542,23,'cons',0,0,2,0.5,30,0,0,0,-22.900424,-47.197724)
insert into AVAL_NOS  values ('MAZ10',6880542,24,'cons',0,0,2,0.5,30,0,0,0,-22.900744,-47.198338)
insert into AVAL_NOS  values ('MAZ10',6880542,25,'cons',0,0,2,0.5,30,0,0,0,-22.901189,-47.19889)
insert into AVAL_NOS  values ('MAZ10',6880542,26,'cons',0,0,2,0.5,30,0,0,0,-22.901492,-47.198279)
insert into AVAL_NOS  values ('MAZ10',6880542,27,'cons',0,0,2,0.5,30,0,0,0,-22.901803,-47.19807)
insert into AVAL_NOS  values ('MAZ10',6880542,28,'cons',0,0,2,0.5,30,0,0,0,-22.902506,-47.197621)
insert into AVAL_NOS  values ('MAZ10',6880542,29,'cons',0,0,2,0.5,30,0,0,0,-22.903039,-47.197284)
insert into AVAL_NOS  values ('MAZ10',6880542,30,'cons',0,0,2,0.5,30,0,0,0,-22.903472,-47.197002)
insert into AVAL_NOS  values ('MAZ10',6880542,31,'cons',0,0,2,0.5,30,0,0,0,-22.903931,-47.196709)
insert into AVAL_NOS  values ('MAZ10',6880542,32,'cons',0,0,2,0.5,30,0,0,0,-22.905089,-47.196)
insert into AVAL_NOS  values ('MAZ10',6880542,33,'cons',0,0,2,0.5,30,0,0,0,-22.905725,-47.19553)
insert into AVAL_NOS  values ('MAZ10',6880542,34,'cons',0,0,2,0.5,30,0,0,0,-22.905382,-47.19485)
insert into AVAL_NOS  values ('MAZ10',6880542,35,'cons',0,0,2,0.5,30,0,0,0,-22.905235,-47.194547)
insert into AVAL_NOS  values ('MAZ10',6880542,36,'cons',0,0,2,0.5,30,0,0,0,-22.905108,-47.194285)
insert into AVAL_NOS  values ('MAZ10',6880542,37,'cons',0,0,2,0.5,30,0,0,0,-22.90485,-47.193738)
insert into AVAL_NOS  values ('MAZ10',6880542,38,'cons',0,0,2,0.5,30,1,613.92,0,-22.904562,-47.193182)
insert into AVAL_NOS  values ('MAZ10',6880542,39,'cons',0,0,2,0.5,30,0,0,0,-22.904295,-47.19261)
insert into AVAL_NOS  values ('MAZ10',6880542,40,'cons',0,0,2,0.5,30,0,0,0,-22.904185,-47.192406)
insert into AVAL_NOS  values ('MAZ10',6880542,41,'cons',0,0,2,0.5,30,0,0,0,-22.904015,-47.192044)
insert into AVAL_NOS  values ('MAZ10',6880542,42,'cons',0,0,2,0.5,30,0,0,0,-22.904807,-47.191119)
insert into AVAL_NOS  values ('MAZ10',6880542,43,'cons',0,0,2,0.5,30,0,0,0,-22.906331,-47.190657)
insert into AVAL_NOS  values ('MAZ10',6880542,44,'cons',0,0,2,0.5,30,0,0,0,-22.906749,-47.190526)
insert into AVAL_NOS  values ('MAZ10',6880542,45,'cons',0,0,2,0.5,30,0,0,0,-22.905906,-47.187794)
insert into AVAL_NOS  values ('MAZ10',6880542,46,'cons',0,0,2,0.5,30,0,0,0,-22.906749,-47.190526)
insert into AVAL_NOS  values ('MAZ10',6880542,47,'cons',0,0,2,0.5,30,0,0,0,-22.908059,-47.190099)
insert into AVAL_NOS  values ('MAZ10',6880542,48,'cons',0,0,2,0.5,30,0,0,0,-22.908777,-47.189851)
insert into AVAL_NOS  values ('MAZ10',6880542,49,'cons',0,0,2,0.5,30,0,0,0,-22.908777,-47.189851)
insert into AVAL_NOS  values ('MAZ10',6880542,50,'cons',0,0,2,0.5,30,0,0,0,-22.904015,-47.192044)
insert into AVAL_NOS  values ('MAZ10',6880542,51,'cons',0,0,2,0.5,30,0,0,0,-22.904952,-47.191726)
insert into AVAL_NOS  values ('MAZ10',6880542,52,'cons',0,0,2,0.5,30,0,0,0,-22.907084,-47.191039)
insert into AVAL_NOS  values ('MAZ10',6880542,53,'cons',0,0,2,0.5,30,0,0,0,-22.908789,-47.190501)
insert into AVAL_NOS  values ('MAZ10',6880542,54,'cons',0,0,2,0.5,30,0,0,0,-22.904295,-47.19261)
insert into AVAL_NOS  values ('MAZ10',6880542,55,'cons',0,0,2,0.5,30,0,0,0,-22.905433,-47.192221)
insert into AVAL_NOS  values ('MAZ10',6880542,56,'cons',0,0,2,0.5,30,0,0,0,-22.907809,-47.19147)
insert into AVAL_NOS  values ('MAZ10',6880542,57,'cons',0,0,2,0.5,30,0,0,0,-22.904562,-47.193182)
insert into AVAL_NOS  values ('MAZ10',6880542,58,'cons',0,0,2,0.5,30,0,0,0,-22.905451,-47.192865)
insert into AVAL_NOS  values ('MAZ10',6880542,59,'cons',0,0,2,0.5,30,0,0,0,-22.907676,-47.19218)
insert into AVAL_NOS  values ('MAZ10',6880542,60,'cons',0,0,2,0.5,30,0,0,0,-22.90485,-47.193738)
insert into AVAL_NOS  values ('MAZ10',6880542,61,'cons',0,0,2,0.5,30,0,0,0,-22.906353,-47.193261)
insert into AVAL_NOS  values ('MAZ10',6880542,62,'cons',0,0,2,0.5,30,0,0,0,-22.905108,-47.194285)
insert into AVAL_NOS  values ('MAZ10',6880542,63,'cons',0,0,2,0.5,30,0,0,0,-22.906547,-47.193838)
insert into AVAL_NOS  values ('MAZ10',6880542,64,'cons',0,0,2,0.5,30,0,0,0,-22.905382,-47.19485)
insert into AVAL_NOS  values ('MAZ10',6880542,65,'cons',0,0,2,0.5,30,0,0,0,-22.907027,-47.194346)
insert into AVAL_NOS  values ('MAZ10',6880542,66,'cons',0,0,2,0.5,30,0,0,0,-22.907958,-47.194388)
insert into AVAL_NOS  values ('MAZ10',6880542,67,'cons',0,0,2,0.5,30,0,0,0,-22.907816,-47.19452)
insert into AVAL_NOS  values ('MAZ10',6880542,68,'cons',0,0,2,0.5,30,0,0,0,-22.907816,-47.19452)
insert into AVAL_NOS  values ('MAZ10',6880542,69,'cons',0,0,2,0.5,30,0,0,0,-22.907958,-47.194388)
insert into AVAL_NOS  values ('MAZ10',6880542,70,'cons',0,0,2,0.5,30,0,0,0,-22.908507,-47.194851)
insert into AVAL_NOS  values ('MAZ10',6880542,71,'cons',0,0,2,0.5,30,0,0,0,-22.91003,-47.195404)
insert into AVAL_NOS  values ('MAZ10',6880542,72,'cons',0,0,2,0.5,30,0,0,0,-22.91003,-47.195404)
insert into AVAL_NOS  values ('MAZ10',6880542,73,'cons',0,0,2,0.5,30,0,0,0,-22.910992,-47.196924)
insert into AVAL_NOS  values ('MAZ10',6880542,74,'cons',0,0,2,0.5,30,0,0,0,-22.910992,-47.196924)
insert into AVAL_NOS  values ('MAZ10',6880542,75,'cons',0,0,2,0.5,30,0,0,0,-22.905725,-47.19553)
insert into AVAL_NOS  values ('MAZ10',6880542,76,'cons',0,0,2,0.5,30,0,0,0,-22.905089,-47.196)
insert into AVAL_NOS  values ('MAZ10',6880542,77,'cons',0,0,2,0.5,30,0,0,0,-22.905089,-47.196)
insert into AVAL_NOS  values ('MAZ10',6880542,78,'cons',0,0,2,0.5,30,1,613.92,0,-22.905214,-47.196307)
insert into AVAL_NOS  values ('MAZ10',6880542,79,'cons',0,0,2,0.5,30,0,0,0,-22.903472,-47.197002)
insert into AVAL_NOS  values ('MAZ10',6880542,80,'cons',0,0,2,0.5,30,0,0,0,-22.902506,-47.197621)
insert into AVAL_NOS  values ('MAZ10',6880542,81,'cons',0,0,2,0.5,30,0,0,0,-22.901803,-47.19807)
insert into AVAL_NOS  values ('MAZ10',6880542,82,'cons',0,0,2,0.5,30,0,0,0,-22.901189,-47.19889)
insert into AVAL_NOS  values ('MAZ10',6880542,83,'cons',0,0,2,0.5,30,0,0,0,-22.903031,-47.202708)
insert into AVAL_NOS  values ('MAZ10',6880542,84,'cons',0,0,2,0.5,30,0,0,0,-22.90265,-47.203693)
insert into AVAL_NOS  values ('MAZ10',6880542,85,'cons',0,0,2,0.5,30,0,0,0,-22.902713,-47.203987)
insert into AVAL_NOS  values ('MAZ10',6880542,86,'cons',0,0,2,0.5,30,0,0,0,-22.902713,-47.203987)
insert into AVAL_NOS  values ('MAZ10',6880542,87,'cons',0,0,2,0.5,30,0,0,0,-22.903031,-47.202708)
insert into AVAL_NOS  values ('MAZ10',6880542,88,'cons',0,0,2,0.5,30,0,0,0,-22.907159,-47.199547)
insert into AVAL_NOS  values ('MAZ10',6880542,89,'cons',1,0,2,0.5,30,0,0,0,-22.905609,-47.207653)
insert into AVAL_NOS  values ('MAZ10',6880542,90,'cons',0,0,2,0.5,30,0,0,0,-22.905609,-47.207653)
insert into AVAL_NOS  values ('MAZ10',6880542,91,'cons',0,0,2,0.5,30,0,0,0,-22.900424,-47.197724)
insert into AVAL_NOS  values ('MAZ10',6880542,92,'cons',0,0,2,0.5,30,0,0,0,-22.899993,-47.196785)
insert into AVAL_NOS  values ('MAZ10',6880542,93,'cons',0,0,2,0.5,30,0,0,0,-22.90112,-47.196058)
insert into AVAL_NOS  values ('MAZ10',6880542,94,'cons',0,0,2,0.5,30,0,0,0,-22.901957,-47.195527)
insert into AVAL_NOS  values ('MAZ10',6880542,95,'cons',0,0,2,0.5,30,0,0,0,-22.8992,-47.195)
insert into AVAL_NOS  values ('MAZ10',6880542,96,'cons',1,0,2,0.5,30,0,0,0,-22.897759,-47.19125)
insert into AVAL_NOS  values ('MAZ10',6880542,97,'cons',0,0,2,0.5,30,0,0,0,-22.897759,-47.19125)
insert into AVAL_NOS  values ('MAZ10',6880542,98,'cons',0,0,2,0.5,30,0,0,0,-22.897184,-47.189625)
insert into AVAL_NOS  values ('MAZ10',6880542,99,'cons',0,0,2,0.5,30,0,0,0,-22.897069,-47.189306)
insert into AVAL_NOS  values ('MAZ10',6880542,100,'cons',0,0,2,0.5,30,1,613.92,0,-22.896936,-47.188941)
insert into AVAL_NOS  values ('MAZ10',6880542,101,'cons',0,0,2,0.5,30,0,0,0,-22.896936,-47.188941)
insert into AVAL_NOS  values ('MAZ10',6880542,102,'cons',1,0,2,0.5,30,0,0,0,-22.896751,-47.188455)
insert into AVAL_NOS  values ('MAZ10',6880542,103,'cons',0,0,2,0.5,30,0,0,0,-22.896751,-47.188455)
insert into AVAL_NOS  values ('MAZ10',6880542,104,'cons',0,0,2,0.5,30,1,613.92,0,-22.900477,-47.187004)
insert into AVAL_NOS  values ('MAZ10',6880542,105,'cons',0,0,2,0.5,30,1,613.92,0,-22.900477,-47.187004)
insert into AVAL_NOS  values ('MAZ10',6880542,106,'cons',0,0,2,0.5,30,0,0,0,-22.89874,-47.195318)
insert into AVAL_NOS  values ('MAZ10',6880542,107,'cons',0,0,2,0.5,30,0,0,0,-22.89874,-47.195318)
insert into AVAL_NOS  values ('MAZ10',6880542,108,'cons',0,0,2,0.5,30,0,0,0,-22.898295,-47.19418)
insert into AVAL_NOS  values ('MAZ10',6880542,109,'cons',1,0,2,0.5,30,0,0,0,-22.898107,-47.193723)
insert into AVAL_NOS  values ('MAZ10',6880542,110,'cons',0,0,2,0.5,30,0,0,0,-22.898295,-47.19418)
insert into AVAL_NOS  values ('MAZ10',6880542,111,'cons',0,0,2,0.5,30,0,0,0,-22.896972,-47.194947)
insert into AVAL_NOS  values ('MAZ10',6880542,112,'cons',0,0,2,0.5,30,0,0,0,-22.898632,-47.195403)
insert into AVAL_NOS  values ('MAZ10',6880542,113,'cons',0,0,2,0.5,30,0,0,0,-22.898587,-47.195281)
insert into AVAL_NOS  values ('MAZ10',6880542,114,'cons',0,0,2,0.5,30,0,0,0,-22.898587,-47.195281)
insert into AVAL_NOS  values ('MAZ10',6880542,115,'cons',0,0,2,0.5,30,0,0,0,-22.898632,-47.195403)
insert into AVAL_NOS  values ('MAZ10',6880542,116,'cons',0,0,2,0.5,30,0,0,0,-22.898854,-47.195935)
insert into AVAL_NOS  values ('MAZ10',6880542,117,'cons',0,0,2,0.5,30,0,0,0,-22.899328,-47.19698)
insert into AVAL_NOS  values ('MAZ10',6880542,118,'cons',0,0,2,0.5,30,0,0,0,-22.897314,-47.196625)
insert into AVAL_NOS  values ('MAZ10',6880542,119,'cons',0,0,2,0.5,30,0,0,0,-22.897214,-47.196408)
insert into AVAL_NOS  values ('MAZ10',6880542,120,'cons',0,0,2,0.5,30,0,0,0,-22.895567,-47.198188)
insert into AVAL_NOS  values ('MAZ10',6880542,121,'cons',0,0,2,0.5,30,0,0,0,-22.894916,-47.197929)
insert into AVAL_NOS  values ('MAZ10',6880542,122,'cons',0,0,2,0.5,30,0,0,0,-22.894518,-47.197447)
insert into AVAL_NOS  values ('MAZ10',6880542,123,'cons',1,0,2,0.5,30,0,0,0,-22.892209,-47.198086)
insert into AVAL_NOS  values ('MAZ10',6880542,124,'cons',0,0,2,0.5,30,0,0,0,-22.892209,-47.198086)
insert into AVAL_NOS  values ('MAZ10',6880542,125,'cons',0,0,2,0.5,30,1,613.92,0,-22.892571,-47.198597)
insert into AVAL_NOS  values ('MAZ10',6880542,126,'cons',0,0,2,0.5,30,0,0,0,-22.892719,-47.198796)
insert into AVAL_NOS  values ('MAZ10',6880542,127,'cons',0,0,2,0.5,30,0,0,0,-22.892571,-47.198597)
insert into AVAL_NOS  values ('MAZ10',6880542,128,'cons',0,0,2,0.5,30,0,0,0,-22.892288,-47.19905)
insert into AVAL_NOS  values ('MAZ10',6880542,129,'cons',0,0,2,0.5,30,0,0,0,-22.892288,-47.19905)
insert into AVAL_NOS  values ('MAZ10',6880542,130,'cons',0,0,2,0.5,30,0,0,0,-22.892613,-47.19959)
insert into AVAL_NOS  values ('MAZ10',6880542,131,'cons',0,0,2,0.5,30,0,0,0,-22.892613,-47.19959)
insert into AVAL_NOS  values ('MAZ10',6880542,132,'cons',0,0,2,0.5,30,0,0,0,-22.892994,-47.200121)
insert into AVAL_NOS  values ('MAZ10',6880542,133,'cons',0,0,2,0.5,30,0,0,0,-22.892994,-47.200121)
insert into AVAL_NOS  values ('MAZ10',6880542,134,'cons',0,0,2,0.5,30,0,0,0,-22.893163,-47.200361)
insert into AVAL_NOS  values ('MAZ10',6880542,135,'cons',0,0,2,0.5,30,0,0,0,-22.893973,-47.201827)
insert into AVAL_NOS  values ('MAZ10',6880542,136,'cons',0,0,2,0.5,30,0,0,0,-22.893973,-47.201827)
insert into AVAL_NOS  values ('MAZ10',6880542,137,'cons',0,0,2,0.5,30,0,0,0,-22.89489,-47.205398)
insert into AVAL_NOS  values ('MAZ10',6880542,138,'cons',0,0,2,0.5,30,0,0,0,-22.89489,-47.205398)
insert into AVAL_NOS  values ('MAZ10',6880542,139,'cons',0,0,2,0.5,30,0,0,0,-22.896089,-47.205426)
insert into AVAL_NOS  values ('MAZ10',6880542,140,'cons',0,0,2,0.5,30,0,0,0,-22.896089,-47.205426)
insert into AVAL_NOS  values ('MAZ10',6880542,141,'cons',0,0,2,0.5,30,0,0,0,-22.891258,-47.196514)
insert into AVAL_NOS  values ('MAZ10',6880542,142,'cons',0,0,2,0.5,30,0,0,0,-22.890386,-47.197068)
insert into AVAL_NOS  values ('MAZ10',6880542,143,'cons',0,0,2,0.5,30,0,0,0,-22.889768,-47.197474)
insert into AVAL_NOS  values ('MAZ10',6880542,144,'cons',0,0,2,0.5,30,0,0,0,-22.890061,-47.197944)
insert into AVAL_NOS  values ('MAZ10',6880542,145,'cons',0,0,2,0.5,30,0,0,0,-22.890061,-47.197944)
insert into AVAL_NOS  values ('MAZ10',6880542,146,'cons',0,0,2,0.5,30,0,0,0,-22.890403,-47.198476)
insert into AVAL_NOS  values ('MAZ10',6880542,147,'cons',0,0,2,0.5,30,0,0,0,-22.890403,-47.198476)
insert into AVAL_NOS  values ('MAZ10',6880542,148,'cons',0,0,2,0.5,30,0,0,0,-22.890061,-47.197944)
insert into AVAL_NOS  values ('MAZ10',6880542,149,'cons',0,0,2,0.5,30,0,0,0,-22.889768,-47.197474)
insert into AVAL_NOS  values ('MAZ10',6880542,150,'cons',0,0,2,0.5,30,0,0,0,-22.889089,-47.198013)
insert into AVAL_NOS  values ('MAZ10',6880542,151,'cons',0,0,2,0.5,30,0,0,0,-22.888506,-47.198405)
insert into AVAL_NOS  values ('MAZ10',6880542,152,'cons',1,0,2,0.5,30,0,0,0,-22.888506,-47.198405)
insert into AVAL_NOS  values ('MAZ10',6880542,153,'cons',0,0,2,0.5,30,0,0,0,-22.890952,-47.19604)
insert into AVAL_NOS  values ('MAZ10',6880542,154,'cons',0,0,2,0.5,30,0,0,0,-22.890432,-47.196308)
insert into AVAL_NOS  values ('MAZ10',6880542,155,'cons',0,0,2,0.5,30,0,0,0,-22.889755,-47.195248)
insert into AVAL_NOS  values ('MAZ10',6880542,156,'cons',0,0,2,0.5,30,0,0,0,-22.890432,-47.196308)
insert into AVAL_NOS  values ('MAZ10',6880542,157,'cons',0,0,2,0.5,30,0,0,0,-22.890163,-47.196477)
insert into AVAL_NOS  values ('MAZ10',6880542,158,'cons',0,0,2,0.5,30,0,0,0,-22.889875,-47.196655)
insert into AVAL_NOS  values ('MAZ10',6880542,159,'cons',0,0,2,0.5,30,0,0,0,-22.889875,-47.196655)
insert into AVAL_NOS  values ('MAZ10',6880542,160,'cons',0,0,2,0.5,30,0,0,0,-22.889065,-47.195408)
insert into AVAL_NOS  values ('MAZ10',6880542,161,'cons',0,0,2,0.5,30,0,0,0,-22.88982,-47.194256)
insert into AVAL_NOS  values ('MAZ10',6880542,162,'cons',0,0,2,0.5,30,0,0,0,-22.890265,-47.19392)
insert into AVAL_NOS  values ('MAZ10',6880542,163,'cons',0,0,2,0.5,30,0,0,0,-22.890265,-47.19392)
insert into AVAL_NOS  values ('MAZ10',6880542,164,'cons',0,0,2,0.5,30,0,0,0,-22.890541,-47.194355)
insert into AVAL_NOS  values ('MAZ10',6880542,165,'cons',0,0,2,0.5,30,0,0,0,-22.891153,-47.19412)
insert into AVAL_NOS  values ('MAZ10',6880542,166,'cons',0,0,2,0.5,30,0,0,0,-22.891153,-47.19412)
insert into AVAL_NOS  values ('MAZ10',6880542,167,'cons',1,0,2,0.5,30,0,0,0,-22.888789,-47.192656)


INSERT INTO AVAL_LINHAS  VALUES ('MAZ10',6880542,'S1',0,1,0.0207,0.0492,1,1,6056.2,5093.3,0.0534,0)
INSERT INTO AVAL_LINHAS  VALUES ('MAZ10',6880542,'S2',1,2,0.0142,0.04,0,1,6041.1,5070.2,0.0424,14.0)
INSERT INTO AVAL_LINHAS  VALUES ('MAZ10',6880542,'S3',2,3,0.0108,0.0304,1,1,6036.8,5058,0.0323,0)
INSERT INTO AVAL_LINHAS  VALUES ('MAZ10',6880542,'S4',3,4,0.0158,0.0444,0,1,6016.4,5029.7,0.0471,18.1)
INSERT INTO AVAL_LINHAS  VALUES ('MAZ10',6880542,'S5',4,5,0.0068,0.0191,0,1,5909.5,4944.1,0.0203,14.3)
INSERT INTO AVAL_LINHAS  VALUES ('MAZ10',6880542,'S6',5,6,0.019,0.0534,0,1,5884,4909.9,0.0567,0)
INSERT INTO AVAL_LINHAS  VALUES ('MAZ10',6880542,'S7',6,7,0.0037,0.0105,0,1,5868.3,4895.2,0.0111,0)
INSERT INTO AVAL_LINHAS  VALUES ('MAZ10',6880542,'S8',7,8,0.0079,0.0222,0,1,5784.5,4826.3,0.0236,0)
INSERT INTO AVAL_LINHAS  VALUES ('MAZ10',6880542,'S9',8,9,0.007,0.0196,0,1,5682.7,4744.7,0.0208,0)
INSERT INTO AVAL_LINHAS  VALUES ('MAZ10',6880542,'S10',9,10,0.0188,0.0528,0,1,5676.6,4127.6,0.056,15.4)
INSERT INTO AVAL_LINHAS  VALUES ('MAZ10',6880542,'S11',10,11,0.0392,0.1102,0,1,4692.3,3717,0.117,0)
INSERT INTO AVAL_LINHAS  VALUES ('MAZ10',6880542,'S12',11,12,0.014,0.0394,0,1,4673.6,3696.1,0.0418,0)
INSERT INTO AVAL_LINHAS  VALUES ('MAZ10',6880542,'S13',12,13,0.0088,0.0248,0,1,4648.9,3673.3,0.0263,0)
INSERT INTO AVAL_LINHAS  VALUES ('MAZ10',6880542,'S14',13,14,0.0137,0.0385,0,1,4626.6,3650,0.0409,0)
INSERT INTO AVAL_LINHAS  VALUES ('MAZ10',6880542,'S15',14,15,0.0334,0.094,0,1,4547.5,3598.2,0.0998,0)
INSERT INTO AVAL_LINHAS  VALUES ('MAZ10',6880542,'S16',15,16,0.0146,0.0412,0,1,4520.8,3571.4,0.0437,0)
INSERT INTO AVAL_LINHAS  VALUES ('MAZ10',6880542,'S17',16,17,0.011,0.0308,1,1,4518.6,3115.1,0.0327,0)
INSERT INTO AVAL_LINHAS  VALUES ('MAZ10',6880542,'S18',17,18,0.002,0.0055,0,1,4468.6,3076.8,0.0059,0)
INSERT INTO AVAL_LINHAS  VALUES ('MAZ10',6880542,'S19',18,19,0.0081,0.0227,1,1,4400.3,3022.3,0.0241,0)
INSERT INTO AVAL_LINHAS  VALUES ('MAZ10',6880542,'S20',19,20,0.0387,0.0799,0,1,970,554.4,0.0888,5.8)
INSERT INTO AVAL_LINHAS  VALUES ('MAZ10',6880542,'S21',20,21,0.012,0.0248,0,1,960.1,546.8,0.0276,0)
INSERT INTO AVAL_LINHAS  VALUES ('MAZ10',6880542,'S22',21,22,0.0082,0.0168,0,1,954.2,542.4,0.0187,0)
INSERT INTO AVAL_LINHAS  VALUES ('MAZ10',6880542,'S23',22,23,0.0136,0.028,0,1,946.6,536.5,0.0311,0)
INSERT INTO AVAL_LINHAS  VALUES ('MAZ10',6880542,'S24',23,24,0.0155,0.0223,0,1,946.5,536.3,0.0272,29.9)
INSERT INTO AVAL_LINHAS  VALUES ('MAZ10',6880542,'S25',24,25,0.0437,0.028,1,1,933.2,530.1,0.0519,0)
INSERT INTO AVAL_LINHAS  VALUES ('MAZ10',6880542,'S26',25,26,0.0231,0.0119,0,1,903.1,507.6,0.026,0)
INSERT INTO AVAL_LINHAS  VALUES ('MAZ10',6880542,'S27',26,27,0.0514,0.0264,0,1,800.4,507.5,0.0578,3.9)
INSERT INTO AVAL_LINHAS  VALUES ('MAZ10',6880542,'S28',27,28,0.0389,0.02,0,1,789.1,499.1,0.0437,0)
INSERT INTO AVAL_LINHAS  VALUES ('MAZ10',6880542,'S29',28,29,0.0318,0.0163,0,1,785,496.1,0.0357,8.3)
INSERT INTO AVAL_LINHAS  VALUES ('MAZ10',6880542,'S30',29,30,0.0456,0.0223,0,1,784.8,495.9,0.0508,0)
INSERT INTO AVAL_LINHAS  VALUES ('MAZ10',6880542,'S31',30,31,0.1398,0.0668,0,1,775.7,489.3,0.1549,0)
INSERT INTO AVAL_LINHAS  VALUES ('MAZ10',6880542,'S32',31,32,0.0804,0.0387,1,1,519.8,398.2,0.0892,0)
INSERT INTO AVAL_LINHAS  VALUES ('MAZ10',6880542,'S33',32,33,0.0746,0.036,0,1,508.6,389.8,0.0828,16.5)
INSERT INTO AVAL_LINHAS  VALUES ('MAZ10',6880542,'S34',33,34,0.0332,0.0159,0,1,361.2,270.8,0.0368,0)
INSERT INTO AVAL_LINHAS  VALUES ('MAZ10',6880542,'S35',34,35,0.0288,0.0137,0,1,344.7,258.4,0.0319,0)
INSERT INTO AVAL_LINHAS  VALUES ('MAZ10',6880542,'S36',35,36,0.0592,0.0285,0,1,305.4,229,0.0657,0)
INSERT INTO AVAL_LINHAS  VALUES ('MAZ10',6880542,'S37',36,37,0.0614,0.0296,0,1,264.3,198.2,0.0682,0)
INSERT INTO AVAL_LINHAS  VALUES ('MAZ10',6880542,'S38',37,38,0.0619,0.0297,0,1,217.7,163.3,0.0687,8.5)
INSERT INTO AVAL_LINHAS  VALUES ('MAZ10',6880542,'S39',38,39,0.0231,0.011,0,1,153.1,114.8,0.0256,0)
INSERT INTO AVAL_LINHAS  VALUES ('MAZ10',6880542,'S40',39,40,0.039,0.0188,0,1,144.6,108.4,0.0433,16.8)
INSERT INTO AVAL_LINHAS  VALUES ('MAZ10',6880542,'S41',40,41,0.1811,0.0869,0,1,66.3,49.7,0.2009,15.8)
INSERT INTO AVAL_LINHAS  VALUES ('MAZ10',6880542,'S42',41,42,0.1659,0.0794,0,1,49.5,37.1,0.1839,0)
INSERT INTO AVAL_LINHAS  VALUES ('MAZ10',6880542,'S43',42,43,0.0456,0.0218,0,1,33.6,25.2,0.0505,2.3)
INSERT INTO AVAL_LINHAS  VALUES ('MAZ10',6880542,'S44',43,44,0.28,0.1338,0,1,2.3,1.8,0.3103,0)
INSERT INTO AVAL_LINHAS  VALUES ('MAZ10',6880542,'S45',44,45,0.1092,0.0522,1,1,0,0,0.121,15.1)
INSERT INTO AVAL_LINHAS  VALUES ('MAZ10',6880542,'S46',43,46,0.1432,0.0686,0,1,31.3,23.5,0.1588,0)
INSERT INTO AVAL_LINHAS  VALUES ('MAZ10',6880542,'S47',46,47,0.079,0.0378,0,1,16.2,12.1,0.0876,0)
INSERT INTO AVAL_LINHAS  VALUES ('MAZ10',6880542,'S48',47,48,0.0234,0.0112,0,1,0,0,0.0259,16.2)
INSERT INTO AVAL_LINHAS  VALUES ('MAZ10',6880542,'S49',47,49,0.1214,0.0583,0,1,16.2,12.1,0.1347,13.6)
INSERT INTO AVAL_LINHAS  VALUES ('MAZ10',6880542,'S50',40,50,0.1031,0.0493,0,1,78.2,58.7,0.1143,29.0)
INSERT INTO AVAL_LINHAS  VALUES ('MAZ10',6880542,'S51',50,51,0.2327,0.1116,0,1,64.7,48.5,0.2581,14.1)
INSERT INTO AVAL_LINHAS  VALUES ('MAZ10',6880542,'S52',51,52,0.186,0.0892,0,1,35.7,26.7,0.2063,21.6)
INSERT INTO AVAL_LINHAS  VALUES ('MAZ10',6880542,'S53',52,53,0.1227,0.0591,0,1,21.6,16.2,0.1362,20.9)
INSERT INTO AVAL_LINHAS  VALUES ('MAZ10',6880542,'S54',38,54,0.1251,0.0599,0,1,64.6,48.4,0.1387,22.9)
INSERT INTO AVAL_LINHAS  VALUES ('MAZ10',6880542,'S55',54,55,0.2597,0.1242,0,1,43.7,32.8,0.2879,20.8)
INSERT INTO AVAL_LINHAS  VALUES ('MAZ10',6880542,'S56',55,56,0.1866,0.0892,0,1,20.8,15.6,0.2068,13.1)
INSERT INTO AVAL_LINHAS  VALUES ('MAZ10',6880542,'S57',37,57,0.0981,0.047,0,1,46.6,34.9,0.1088,15.2)
INSERT INTO AVAL_LINHAS  VALUES ('MAZ10',6880542,'S58',57,58,0.2429,0.116,0,1,33.4,25.1,0.2692,18.3)
INSERT INTO AVAL_LINHAS  VALUES ('MAZ10',6880542,'S59',58,59,0.1874,0.0898,0,1,18.3,13.7,0.2078,18.5)
INSERT INTO AVAL_LINHAS  VALUES ('MAZ10',6880542,'S60',36,60,0.1634,0.0785,0,1,41.1,30.8,0.1813,22.6)
INSERT INTO AVAL_LINHAS  VALUES ('MAZ10',6880542,'S61',60,61,0.2283,0.1098,0,1,22.6,16.9,0.2533,20.5)
INSERT INTO AVAL_LINHAS  VALUES ('MAZ10',6880542,'S62',35,62,0.1571,0.0752,0,1,39.2,29.4,0.1742,18.6)
INSERT INTO AVAL_LINHAS  VALUES ('MAZ10',6880542,'S63',62,63,0.1929,0.0927,0,1,18.6,14,0.214,22.0)
INSERT INTO AVAL_LINHAS  VALUES ('MAZ10',6880542,'S64',33,64,0.1794,0.0857,0,1,147.3,118.9,0.1988,0)
INSERT INTO AVAL_LINHAS  VALUES ('MAZ10',6880542,'S65',64,65,0.1078,0.0517,0,1,125.3,102.4,0.1196,0)
INSERT INTO AVAL_LINHAS  VALUES ('MAZ10',6880542,'S66',65,66,0.0194,0.0094,0,1,31.4,23.5,0.0216,10.6)
INSERT INTO AVAL_LINHAS  VALUES ('MAZ10',6880542,'S67',66,67,0.0334,0.016,0,1,10.6,7.9,0.037,20.8)
INSERT INTO AVAL_LINHAS  VALUES ('MAZ10',6880542,'S68',66,68,0.0707,0.0339,0,1,20.8,15.6,0.0784,0)
INSERT INTO AVAL_LINHAS  VALUES ('MAZ10',6880542,'S69',65,69,0.1233,0.039,0,1,93.9,78.9,0.1293,0)
INSERT INTO AVAL_LINHAS  VALUES ('MAZ10',6880542,'S70',69,70,0.3409,0.108,0,1,93.9,78.9,0.3576,6.2)
INSERT INTO AVAL_LINHAS  VALUES ('MAZ10',6880542,'S71',70,71,0.0676,0.0214,0,1,6.2,4.7,0.0709,0)
INSERT INTO AVAL_LINHAS  VALUES ('MAZ10',6880542,'S72',70,72,0.3677,0.1164,1,1,87.6,74.2,0.3857,80.8)
INSERT INTO AVAL_LINHAS  VALUES ('MAZ10',6880542,'S73',72,73,0.0841,0.0408,0,1,80.8,69.1,0.0935,6.9)
INSERT INTO AVAL_LINHAS  VALUES ('MAZ10',6880542,'S74',72,74,0.6767,0.2143,0,1,6.9,5.1,0.7098,11.0)
INSERT INTO AVAL_LINHAS  VALUES ('MAZ10',6880542,'S75',32,75,0.1455,0.0696,0,1,11,8.3,0.1613,16.7)
INSERT INTO AVAL_LINHAS  VALUES ('MAZ10',6880542,'S76',31,76,0.0815,0.0389,0,1,16.7,12.5,0.0903,0)
INSERT INTO AVAL_LINHAS  VALUES ('MAZ10',6880542,'S77',31,77,0.0323,0.0156,0,1,238.9,78.5,0.0359,238.9)
INSERT INTO AVAL_LINHAS  VALUES ('MAZ10',6880542,'S78',77,78,0.0331,0.016,0,1,238.9,78.5,0.0368,0)
INSERT INTO AVAL_LINHAS  VALUES ('MAZ10',6880542,'S79',29,79,0.0099,0.0051,1,1,0,0,0.0111,11.0)
INSERT INTO AVAL_LINHAS  VALUES ('MAZ10',6880542,'S80',27,80,0.113,0.0552,0,1,11,8.3,0.1258,102.4)
INSERT INTO AVAL_LINHAS  VALUES ('MAZ10',6880542,'S81',26,81,0.013,0.0067,1,1,102.4,0,0.0146,0)
INSERT INTO AVAL_LINHAS  VALUES ('MAZ10',6880542,'S82',24,82,0.0901,0.116,1,1,13,6,0.1469,0)
INSERT INTO AVAL_LINHAS  VALUES ('MAZ10',6880542,'S83',82,83,0.119,0.0576,0,1,13,6,0.1322,0)
INSERT INTO AVAL_LINHAS  VALUES ('MAZ10',6880542,'S84',83,84,0.0291,0.014,0,1,13,6,0.0323,11.6)
INSERT INTO AVAL_LINHAS  VALUES ('MAZ10',6880542,'S85',84,85,0.0797,0.0384,0,1,11.6,4.9,0.0885,1.4)
INSERT INTO AVAL_LINHAS  VALUES ('MAZ10',6880542,'S86',84,86,1.5561,0.4928,0,1,1.4,1.1,16.323,0)
INSERT INTO AVAL_LINHAS  VALUES ('MAZ10',6880542,'S87',82,87,0.1246,0.3505,1,1,0,0,0.372,0)
INSERT INTO AVAL_LINHAS  VALUES ('MAZ10',6880542,'S88',87,88,0.1232,0.3362,0,1,0,0,0.3581,0)
INSERT INTO AVAL_LINHAS  VALUES ('MAZ10',6880542,'S89',88,89,0.0155,0.032,3,1,0,0,0.0356,0)
INSERT INTO AVAL_LINHAS  VALUES ('MAZ10',6880542,'S90',88,90,0.025,0.0121,0,1,0,0,0.0278,7.5)
INSERT INTO AVAL_LINHAS  VALUES ('MAZ10',6880542,'S91',22,91,0.0481,0.023,0,1,7.5,5.6,0.0533,0)
INSERT INTO AVAL_LINHAS  VALUES ('MAZ10',6880542,'S92',20,92,0.1379,0.0659,0,1,9.8,7.4,0.1528,3.7)
INSERT INTO AVAL_LINHAS  VALUES ('MAZ10',6880542,'S93',92,93,0.1019,0.0487,0,1,9.8,7.4,0.1129,6.1)
INSERT INTO AVAL_LINHAS  VALUES ('MAZ10',6880542,'S94',93,94,0.1349,0.0644,0,1,6.1,4.6,0.1495,0)
INSERT INTO AVAL_LINHAS  VALUES ('MAZ10',6880542,'S95',19,95,0.0782,0.1614,1,1,3420.5,2447.6,0.1793,0)
INSERT INTO AVAL_LINHAS  VALUES ('MAZ10',6880542,'S96',95,96,0.0003,0.0006,3,1,0,0,0.0007,0)
INSERT INTO AVAL_LINHAS  VALUES ('MAZ10',6880542,'S97',95,97,0.0335,0.0691,1,1,3416.4,2439.2,0.0768,0)
INSERT INTO AVAL_LINHAS  VALUES ('MAZ10',6880542,'S98',97,98,0.0066,0.0136,0,1,3415.6,2437.6,0.0151,0)
INSERT INTO AVAL_LINHAS  VALUES ('MAZ10',6880542,'S99',98,99,0.0076,0.0156,0,1,3414.9,1236.2,0.0174,758.5)
INSERT INTO AVAL_LINHAS  VALUES ('MAZ10',6880542,'S100',99,100,0.0086,0.0177,0,1,758.5,190.1,0.0197,0)
INSERT INTO AVAL_LINHAS  VALUES ('MAZ10',6880542,'S101',99,101,0.0101,0.0209,0,1,2655.8,1044.8,0.0232,0)
INSERT INTO AVAL_LINHAS  VALUES ('MAZ10',6880542,'S102',101,102,0.0176,0.0363,3,1,0,0,0.0403,0)
INSERT INTO AVAL_LINHAS  VALUES ('MAZ10',6880542,'S103',101,103,0.4124,0.1989,1,1,2632.7,1033.7,0.4579,1374.4)
INSERT INTO AVAL_LINHAS  VALUES ('MAZ10',6880542,'S104',103,104,0.0147,0.0108,1,1,1374.4,665.7,0.0182,1253.2)
INSERT INTO AVAL_LINHAS  VALUES ('MAZ10',6880542,'S105',103,105,0.3924,0.1892,1,1,1253.2,365.5,0.4356,25.9)
INSERT INTO AVAL_LINHAS  VALUES ('MAZ10',6880542,'S106',18,106,0.2262,0.2153,0,1,25.9,19.4,0.3123,0)
INSERT INTO AVAL_LINHAS  VALUES ('MAZ10',6880542,'S107',18,107,0.0238,0.0491,0,1,40.9,30.7,0.0546,10.7)
INSERT INTO AVAL_LINHAS  VALUES ('MAZ10',6880542,'S108',107,108,0.0096,0.0199,0,1,10.7,8,0.0221,0)
INSERT INTO AVAL_LINHAS  VALUES ('MAZ10',6880542,'S109',108,109,0.0226,0.0467,3,1,0,0,0.0519,0)
INSERT INTO AVAL_LINHAS  VALUES ('MAZ10',6880542,'S110',107,110,0.1617,0.0775,0,1,30.2,22.7,0.1793,30.2)
INSERT INTO AVAL_LINHAS  VALUES ('MAZ10',6880542,'S111',110,111,0.0324,0.0155,0,1,30.2,22.7,0.0359,0)
INSERT INTO AVAL_LINHAS  VALUES ('MAZ10',6880542,'S112',17,112,0.0127,0.0061,0,1,5.8,4.4,0.0141,4.5)
INSERT INTO AVAL_LINHAS  VALUES ('MAZ10',6880542,'S113',112,113,0.0065,0.0031,0,1,4.5,3.3,0.0072,1.4)
INSERT INTO AVAL_LINHAS  VALUES ('MAZ10',6880542,'S114',112,114,0.0347,0.0167,0,1,1.4,1,0.0385,16.3)
INSERT INTO AVAL_LINHAS  VALUES ('MAZ10',6880542,'S115',17,115,0.0566,0.0271,0,1,43.7,32.8,0.0628,0)
INSERT INTO AVAL_LINHAS  VALUES ('MAZ10',6880542,'S116',115,116,0.1131,0.054,0,1,27.5,20.6,0.1253,27.5)
INSERT INTO AVAL_LINHAS  VALUES ('MAZ10',6880542,'S117',116,117,0.2383,0.1144,0,1,27.5,20.6,0.2643,23.4)
INSERT INTO AVAL_LINHAS  VALUES ('MAZ10',6880542,'S118',15,118,0.0233,0.0112,0,1,23.4,17.5,0.0259,0)
INSERT INTO AVAL_LINHAS  VALUES ('MAZ10',6880542,'S119',118,119,0.1115,0.056,0,1,0,0,0.1248,71.5)
INSERT INTO AVAL_LINHAS  VALUES ('MAZ10',6880542,'S120',14,120,0.0162,0.0078,1,1,71.5,30.5,0.018,19.1)
INSERT INTO AVAL_LINHAS  VALUES ('MAZ10',6880542,'S121',13,121,0.0268,0.0128,0,1,19.1,14.3,0.0297,22.6)
INSERT INTO AVAL_LINHAS  VALUES ('MAZ10',6880542,'S122',12,122,0.0482,0.0231,0,1,22.6,17,0.0534,0)
INSERT INTO AVAL_LINHAS  VALUES ('MAZ10',6880542,'S123',10,123,0.0087,0.0159,3,1,0,0,0.0181,0)
INSERT INTO AVAL_LINHAS  VALUES ('MAZ10',6880542,'S124',10,124,0.0485,0.0285,1,1,974.5,384.1,0.0563,25.1)
INSERT INTO AVAL_LINHAS  VALUES ('MAZ10',6880542,'S125',124,125,0.0246,0.0119,1,1,40.6,30.4,0.0273,15.4)
INSERT INTO AVAL_LINHAS  VALUES ('MAZ10',6880542,'S126',125,126,0.1287,0.0618,0,1,15.4,11.6,0.1428,0)
INSERT INTO AVAL_LINHAS  VALUES ('MAZ10',6880542,'S127',124,127,0.0529,0.0254,0,1,933.6,353.5,0.0587,22.6)
INSERT INTO AVAL_LINHAS  VALUES ('MAZ10',6880542,'S128',127,128,0.0946,0.0452,0,1,22.6,17,0.1048,0)
INSERT INTO AVAL_LINHAS  VALUES ('MAZ10',6880542,'S129',127,129,0.063,0.0301,0,1,910.6,336.4,0.0698,16.6)
INSERT INTO AVAL_LINHAS  VALUES ('MAZ10',6880542,'S130',129,130,0.122,0.0583,0,1,16.6,12.5,0.1352,0)
INSERT INTO AVAL_LINHAS  VALUES ('MAZ10',6880542,'S131',129,131,0.0652,0.0312,0,1,893.6,323.7,0.0723,14.6)
INSERT INTO AVAL_LINHAS  VALUES ('MAZ10',6880542,'S132',131,132,0.126,0.0602,0,1,14.6,10.9,0.1396,16.8)
INSERT INTO AVAL_LINHAS  VALUES ('MAZ10',6880542,'S133',131,133,0.0293,0.014,0,1,878.8,312.7,0.0325,0)
INSERT INTO AVAL_LINHAS  VALUES ('MAZ10',6880542,'S134',133,134,0.1357,0.079,0,1,861.3,299.6,0.157,0)
INSERT INTO AVAL_LINHAS  VALUES ('MAZ10',6880542,'S135',134,135,0.0714,0.0367,0,1,0,0,0.0803,0)
INSERT INTO AVAL_LINHAS  VALUES ('MAZ10',6880542,'S136',134,136,0.357,0.1722,0,1,859.3,298.7,0.3964,567.1)
INSERT INTO AVAL_LINHAS  VALUES ('MAZ10',6880542,'S137',136,137,0.0169,0.0081,1,1,567.1,142.1,0.0187,0)
INSERT INTO AVAL_LINHAS  VALUES ('MAZ10',6880542,'S138',136,138,0.1472,0.071,0,1,292,156.5,0.1634,76.8)
INSERT INTO AVAL_LINHAS  VALUES ('MAZ10',6880542,'S139',138,139,0.0205,0.0099,1,1,76.8,78.4,0.0228,215.2)
INSERT INTO AVAL_LINHAS  VALUES ('MAZ10',6880542,'S140',138,140,0.0519,0.025,1,1,215.2,78.1,0.0576,11.4)
INSERT INTO AVAL_LINHAS  VALUES ('MAZ10',6880542,'S141',8,141,0.1059,0.0508,0,1,99.3,74.5,0.1175,0)
INSERT INTO AVAL_LINHAS  VALUES ('MAZ10',6880542,'S142',141,142,0.0759,0.0363,0,1,87.9,65.9,0.0841,0)
INSERT INTO AVAL_LINHAS  VALUES ('MAZ10',6880542,'S143',142,143,0.0546,0.0263,0,1,62.1,46.6,0.0606,12.1)
INSERT INTO AVAL_LINHAS  VALUES ('MAZ10',6880542,'S144',143,144,0.0534,0.0256,0,1,12.1,9.1,0.0592,0)
INSERT INTO AVAL_LINHAS  VALUES ('MAZ10',6880542,'S145',143,145,0.0624,0.0301,0,1,30.3,22.7,0.0693,20.3)
INSERT INTO AVAL_LINHAS  VALUES ('MAZ10',6880542,'S146',145,146,0.0495,0.0237,0,1,20.3,15.2,0.0549,10.0)
INSERT INTO AVAL_LINHAS  VALUES ('MAZ10',6880542,'S147',145,147,0.0515,0.0247,0,1,10,7.5,0.0571,19.7)
INSERT INTO AVAL_LINHAS  VALUES ('MAZ10',6880542,'S148',143,148,0.1224,0.0585,0,1,19.7,14.8,0.1357,11.2)
INSERT INTO AVAL_LINHAS  VALUES ('MAZ10',6880542,'S149',142,149,0.0882,0.0422,0,1,25.7,19.3,0.0978,0)
INSERT INTO AVAL_LINHAS  VALUES ('MAZ10',6880542,'S150',149,150,0.075,0.0358,0,1,14.5,10.9,0.0831,14.5)
INSERT INTO AVAL_LINHAS  VALUES ('MAZ10',6880542,'S151',150,151,0.0624,0.0298,0,1,14.5,10.9,0.0692,0)
INSERT INTO AVAL_LINHAS  VALUES ('MAZ10',6880542,'S152',150,152,0.0653,0.0314,3,1,0,0,0.0725,0)
INSERT INTO AVAL_LINHAS  VALUES ('MAZ10',6880542,'S153',7,153,0.0603,0.0289,0,1,80.8,60.6,0.0669,11.3)
INSERT INTO AVAL_LINHAS  VALUES ('MAZ10',6880542,'S154',153,154,0.1243,0.0598,0,1,23.5,17.6,0.1379,12.2)
INSERT INTO AVAL_LINHAS  VALUES ('MAZ10',6880542,'S155',154,155,0.1594,0.0763,0,1,12.2,9.1,0.1767,16.3)
INSERT INTO AVAL_LINHAS  VALUES ('MAZ10',6880542,'S156',153,156,0.0327,0.0156,0,1,57.3,43,0.0362,0)
INSERT INTO AVAL_LINHAS  VALUES ('MAZ10',6880542,'S157',156,157,0.0348,0.0166,0,1,41.1,30.8,0.0386,12.5)
INSERT INTO AVAL_LINHAS  VALUES ('MAZ10',6880542,'S158',157,158,0.1142,0.0549,0,1,12.5,9.4,0.1267,14.1)
INSERT INTO AVAL_LINHAS  VALUES ('MAZ10',6880542,'S159',157,159,0.1474,0.0708,0,1,28.5,21.4,0.1635,14.4)
INSERT INTO AVAL_LINHAS  VALUES ('MAZ10',6880542,'S160',159,160,0.1707,0.0818,0,1,14.4,10.8,0.1893,0)
INSERT INTO AVAL_LINHAS  VALUES ('MAZ10',6880542,'S161',4,161,0.0565,0.0272,0,1,104.3,78.2,0.0627,4.2)
INSERT INTO AVAL_LINHAS  VALUES ('MAZ10',6880542,'S162',161,162,0.0867,0.0418,0,1,4.2,3.1,0.0963,26.2)
INSERT INTO AVAL_LINHAS  VALUES ('MAZ10',6880542,'S163',161,163,0.0511,0.0245,0,1,100.2,75.1,0.0567,0)
INSERT INTO AVAL_LINHAS  VALUES ('MAZ10',6880542,'S164',163,164,0.1055,0.0507,0,1,74,55.5,0.1171,28.3)
INSERT INTO AVAL_LINHAS  VALUES ('MAZ10',6880542,'S165',164,165,0.0154,0.0074,0,1,28.3,21.2,0.0171,45.7)
INSERT INTO AVAL_LINHAS  VALUES ('MAZ10',6880542,'S166',164,166,0.1854,0.0887,0,1,45.7,34.3,0.2055,0)
INSERT INTO AVAL_LINHAS  VALUES ('MAZ10',6880542,'S167',2,167,0.007,0.0196,3,1,0,0,0.0208,1.0)



----------------------------------------------------------------------------------------





insert into aval_nos values ('AGU10',6404417,0,'Nó 0',1,0,1,0.5,0,0,0,0,-22.899669,-47.192016)
insert into aval_nos values ('AGU10',6404417,1,'Nó 1',0,20,2,0.1,50,0,0,0,-22.890669,-47.191916)
insert into aval_nos values ('AGU10',6404417,2,'Nó 2',0,45,1,0.2,100,0,0,0,-22.889637,-47.192164)
insert into aval_nos values ('AGU10',6404417,3,'Nó 3',0,70,1,0.3,150,0,0,0,-22.888789,-47.192656)
insert into aval_nos values ('AGU10',6404417,4,'Nó 4',0,140,1.5,0.2,200,0,0,0,-22.889205,-47.193308)
insert into aval_nos values ('AGU10',6404417,5,'Nó 5',0,45,1,0.4,150,0,0,0,-22.88982,-47.194256)
insert into aval_nos values ('AGU10',6404417,6,'Nó 6',0,140,2.5,0.3,250,0,0,0,-22.89008,-47.194667)
insert into aval_nos values ('AGU10',6404417,7,'Nó 7',0,140,1.5,0.1,200,0,0,0,-22.890813,-47.19581)
insert into aval_nos values ('AGU10',6404417,8,'Nó 8',0,70,1,0.2,100,0,0,0,-22.890952,-47.19604)
insert into aval_nos values ('AGU10',6404417,9,'Nó 9',0,70,2,0.2,100,0,0,0,-22.891258,-47.196514)
insert into aval_nos values ('AGU10',6404417,10,'Nó 10',0,45,1,0.2,50,0,0,0,-22.891528,-47.196932)
insert into aval_nos values ('AGU10',6404417,11,'Nó 11',0,20,1.5,0.3,100,0,0,0,-22.892209,-47.198086)
insert into aval_nos values ('AGU10',6404417,12,'Nó 12',0,20,1,0.4,100,0,0,0,-22.893898,-47.196669)
insert into aval_nos values ('AGU10',6404417,13,'Nó 13',0,45,2,0.6,200,0,0,0,-22.894518,-47.197447)
insert into aval_nos values ('AGU10',6404417,14,'Nó 14',0,70,1,0.1,200,0,0,0,-22.894916,-47.197929)
insert into aval_nos values ('AGU10',6404417,15,'Nó 15',1,140,1,0.1,250,0,0,0,-22.895567,-47.198188)
insert into aval_nos values ('AGU10',6404417,16,'Nó 16',0,45,1.5,0.1,290,0,0,0,-22.897314,-47.196625)
insert into aval_nos values ('AGU10',6404417,17,'Nó 17',0,140,1,0.1,330,0,0,0,-22.898066,-47.195925)
insert into aval_nos values ('AGU10',6404417,18,'Nó 18',0,140,2.5,0.1,370,0,0,0,-22.898632,-47.195403)
insert into aval_nos values ('AGU10',6404417,19,'Nó 19',0,70,1.5,0.1,410,0,0,0,-22.89874,-47.195318)
insert into aval_nos values ('AGU10',6404417,20,'Nó 20',0,70,1,0.1,450,0,0,0,-22.8992,-47.195)
insert into aval_nos values ('AGU10',6404417,21,'Nó 21',0,45,2,0.2,490,0,0,0,-22.899993,-47.196785)
insert into aval_nos values ('AGU10',6404417,22,'Nó 22',0,20,1,0.1,530,0,0,0,-22.900242,-47.197348)
insert into aval_nos values ('AGU10',6404417,23,'Nó 23',0,20,1.5,0.2,570,0,0,0,-22.900424,-47.197724)
insert into aval_nos values ('AGU10',6404417,24,'Nó 24',0,45,1,0.2,610,0,0,0,-22.900744,-47.198338)
insert into aval_nos values ('AGU10',6404417,25,'Nó 25',0,70,2,0.1,650,0,0,0,-22.901189,-47.19889)
insert into aval_nos values ('AGU10',6404417,26,'Nó 26',0,140,1,0.2,690,0,0,0,-22.901492,-47.198279)
insert into aval_nos values ('AGU10',6404417,27,'Nó 27',0,45,1,0.1,730,0,0,0,-22.901803,-47.19807)
insert into aval_nos values ('AGU10',6404417,28,'Nó 28',0,140,1.5,0.3,770,0,0,0,-22.902506,-47.197621)
insert into aval_nos values ('AGU10',6404417,29,'Nó 29',0,140,1,0.2,810,0,0,0,-22.903039,-47.197284)
insert into aval_nos values ('AGU10',6404417,30,'Nó 30',0,70,2.5,0.1,850,0,0,0,-22.903472,-47.197002)
insert into aval_nos values ('AGU10',6404417,31,'Nó 31',0,70,1.5,0.3,890,0,0,0,-22.903931,-47.196709)
insert into aval_nos values ('AGU10',6404417,32,'Nó 32',0,45,1,0.1,930,0,0,0,-22.905089,-47.196)
insert into aval_nos values ('AGU10',6404417,33,'Nó 33',0,20,2,0.2,970,0,0,0,-22.905725,-47.19553)
insert into aval_nos values ('AGU10',6404417,34,'Nó 34',0,20,1,0.3,450,0,0,0,-22.905382,-47.19485)
insert into aval_nos values ('AGU10',6404417,35,'Nó 35',0,45,1.5,0.4,490,0,0,0,-22.905235,-47.194547)
insert into aval_nos values ('AGU10',6404417,36,'Nó 36',0,70,1,0.2,530,0,0,0,-22.905108,-47.194285)
insert into aval_nos values ('AGU10',6404417,37,'Nó 37',0,140,2,0.1,570,0,0,0,-22.90485,-47.193738)
insert into aval_nos values ('AGU10',6404417,38,'Nó 38',0,45,1,0.2,610,0,0,0,-22.904562,-47.193182)
insert into aval_nos values ('AGU10',6404417,39,'Nó 39',0,140,1,0.4,650,0,0,0,-22.904295,-47.19261)
insert into aval_nos values ('AGU10',6404417,40,'Nó 40',0,140,1.5,0.1,690,0,0,0,-22.904185,-47.192406)
insert into aval_nos values ('AGU10',6404417,41,'Nó 41',0,70,1,0.3,730,0,0,0,-22.904015,-47.192044)
insert into aval_nos values ('AGU10',6404417,42,'Nó 42',0,70,2.5,0.1,770,0,0,0,-22.904807,-47.191119)
insert into aval_nos values ('AGU10',6404417,43,'Nó 43',0,45,1.5,1,810,0,0,0,-22.906331,-47.190657)
insert into aval_nos values ('AGU10',6404417,44,'Nó 44',0,20,1,0.1,850,0,0,0,-22.906749,-47.190526)
insert into aval_nos values ('AGU10',6404417,45,'Nó 45',0,20,2,0.2,890,0,0,0,-22.905906,-47.187794)
insert into aval_nos values ('AGU10',6404417,46,'Nó 46',0,45,1,0.1,930,0,0,0,-22.906749,-47.190526)
insert into aval_nos values ('AGU10',6404417,47,'Nó 47',0,70,1.5,0.1,970,0,0,0,-22.908059,-47.190099)
insert into aval_nos values ('AGU10',6404417,48,'Nó 48',1,140,1,0.1,450,0,0,0,-22.908777,-47.189851)
insert into aval_nos values ('AGU10',6404417,49,'Nó 49',0,45,2,0.1,490,0,0,0,-22.908777,-47.189851)
insert into aval_nos values ('AGU10',6404417,50,'Nó 50',0,140,1,0.1,530,0,0,0,-22.904015,-47.192044)
insert into aval_nos values ('AGU10',6404417,51,'Nó 51',0,140,1,0.1,570,0,0,0,-22.904952,-47.191726)
insert into aval_nos values ('AGU10',6404417,52,'Nó 52',0,70,1.5,0.3,610,0,0,0,-22.907084,-47.191039)
insert into aval_nos values ('AGU10',6404417,53,'Nó 53',0,70,1,0.2,650,0,0,0,-22.908789,-47.190501)
insert into aval_nos values ('AGU10',6404417,54,'Nó 54',0,45,2.5,0.1,690,0,0,0,-22.904295,-47.19261)
insert into aval_nos values ('AGU10',6404417,55,'Nó 55',0,20,1.5,0.2,730,0,0,0,-22.905433,-47.192221)
insert into aval_nos values ('AGU10',6404417,56,'Nó 56',0,20,1,0.2,770,0,0,0,-22.907809,-47.19147)
insert into aval_nos values ('AGU10',6404417,57,'Nó 57',0,20,2,0.3,810,0,0,0,-22.904562,-47.193182)
insert into aval_nos values ('AGU10',6404417,58,'Nó 58',0,45,1,0.2,850,0,0,0,-22.905451,-47.192865)
insert into aval_nos values ('AGU10',6404417,59,'Nó 59',0,70,1.5,0.1,890,0,0,0,-22.907676,-47.19218)
insert into aval_nos values ('AGU10',6404417,60,'Nó 60',0,140,1,0.3,930,0,0,0,-22.90485,-47.193738)
insert into aval_nos values ('AGU10',6404417,61,'Nó 61',0,45,2,0.2,970,0,0,0,-22.906353,-47.193261)
insert into aval_nos values ('AGU10',6404417,62,'Nó 62',0,140,1,0.1,450,0,0,0,-22.905108,-47.194285)
insert into aval_nos values ('AGU10',6404417,63,'Nó 63',0,140,1,0.1,490,0,0,0,-22.906547,-47.193838)
insert into aval_nos values ('AGU10',6404417,64,'Nó 64',0,70,1.5,0.1,530,0,0,0,-22.905382,-47.19485)
insert into aval_nos values ('AGU10',6404417,65,'Nó 65',0,70,1,0.1,570,0,0,0,-22.907027,-47.194346)

insert into aval_linhas values ('AGU10',6404417,'S1',0,1,1.3531,1.3235,0,1,44.1000,44.9900,0,0)
insert into aval_linhas values ('AGU10',6404417,'S2',1,2,1.1702,1.1446,0,1,70.0000,71.4100,0,0)
insert into aval_linhas values ('AGU10',6404417,'S3',2,3,0.8411,0.8227,0,1,140.0000,142.8300,0,0)
insert into aval_linhas values ('AGU10',6404417,'S4',3,4,1.5235,1.0276,0,1,44.1000,44.9900,0,0)
insert into aval_linhas values ('AGU10',6404417,'S5',1,5,2.5573,1.7249,0,1,140.0000,142.8300,0,0)
insert into aval_linhas values ('AGU10',6404417,'S6',5,6,1.0882,0.734,0,1,140.0000,142.8300,0,0)
insert into aval_linhas values ('AGU10',6404417,'S7',5,7,1.2514,0.8441,0,1,70.0000,71.4100,0,0)
insert into aval_linhas values ('AGU10',6404417,'S8',1,8,2.0132,1.3579,0,1,70.0000,71.4100,0,0)
insert into aval_linhas values ('AGU10',6404417,'S9',8,9,1.6867,1.3579,0,1,44.1000,44.9900,0,0)
insert into aval_linhas values ('AGU10',6404417,'S10',2,10,1.7955,1.2111,0,1,140.0000,142.8300,0,0)
insert into aval_linhas values ('AGU10',6404417,'S11',10,11,2.4484,1.6515,0,1,70.0000,71.4100,0,0)
insert into aval_linhas values ('AGU10',6404417,'S12',11,12,2.0132,1.3579,0,1,44.1000,44.9900,0,0)
insert into aval_linhas values ('AGU10',6404417,'S13',3,13,2.2308,1.5047,0,1,70.0000,71.4100,0,0)
insert into aval_linhas values ('AGU10',6404417,'S14',3,14,1.197,0.8074,0,1,140.0000,142.8300,0,0)
insert into aval_linhas values ('AGU10',6404417,'S15',15,16,0.0922,0.047,0,1,100.0000,60.0000,0,0)
insert into aval_linhas values ('AGU10',6404417,'S16',16,17,0.493,0.2511,0,1,90.0000,40.0000,0,0)
insert into aval_linhas values ('AGU10',6404417,'S17',17,18,0.366,0.1864,0,1,120.0000,80.0000,0,0)
insert into aval_linhas values ('AGU10',6404417,'S18',18,19,0.3811,0.1941,0,1,60.0000,30.0000,0,0)
insert into aval_linhas values ('AGU10',6404417,'S19',19,20,0.819,0.707,1,1,60.0000,20.0000,0,0)
insert into aval_linhas values ('AGU10',6404417,'S20',20,21,0.1872,0.6188,0,1,200.0000,100.0000,0,0)
insert into aval_linhas values ('AGU10',6404417,'S21',21,22,0.7114,0.2351,0,1,200.0000,100.0000,0,0)
insert into aval_linhas values ('AGU10',6404417,'S22',22,23,1.03,0.74,0,1,60.0000,20.0000,0,0)
insert into aval_linhas values ('AGU10',6404417,'S23',23,24,1.044,0.74,0,1,60.0000,20.0000,0,0)
insert into aval_linhas values ('AGU10',6404417,'S24',24,25,0.1966,0.065,0,1,45.0000,30.0000,0,0)
insert into aval_linhas values ('AGU10',6404417,'S25',25,26,0.3744,0.1238,0,1,60.0000,35.0000,0,0)
insert into aval_linhas values ('AGU10',6404417,'S26',26,27,1.468,1.155,1,1,60.0000,35.0000,0,0)
insert into aval_linhas values ('AGU10',6404417,'S27',27,28,0.5416,0.7129,0,1,120.0000,80.0000,0,0)
insert into aval_linhas values ('AGU10',6404417,'S28',28,29,0.591,0.526,0,1,60.0000,10.0000,0,0)
insert into aval_linhas values ('AGU10',6404417,'S29',29,30,0.7463,0.545,0,1,60.0000,20.0000,0,0)
insert into aval_linhas values ('AGU10',6404417,'S30',30,31,1.289,1.721,0,1,60.0000,20.0000,0,0)
insert into aval_linhas values ('AGU10',6404417,'S31',31,32,0.732,0.574,0,1,60.0000,20.0000,0,0)
insert into aval_linhas values ('AGU10',6404417,'S32',16,33,0.164,0.1565,0,1,90.0000,40.0000,0,0)
insert into aval_linhas values ('AGU10',6404417,'S33',33,34,1.5042,1.3554,0,1,90.0000,40.0000,0,0)
insert into aval_linhas values ('AGU10',6404417,'S34',34,35,0.4095,0.4784,0,1,90.0000,40.0000,0,0)
insert into aval_linhas values ('AGU10',6404417,'S35',35,36,0.7089,0.9373,0,1,90.0000,40.0000,0,0)
insert into aval_linhas values ('AGU10',6404417,'S36',17,37,0.4512,0.3083,0,1,90.0000,50.0000,0,0)
insert into aval_linhas values ('AGU10',6404417,'S37',37,38,0.898,0.7091,0,1,420.0000,200.0000,0,0)
insert into aval_linhas values ('AGU10',6404417,'S38',38,39,0.896,0.7011,0,1,420.0000,200.0000,0,0)
insert into aval_linhas values ('AGU10',6404417,'S39',20,40,0.203,0.1034,0,1,60.0000,25.0000,0,0)
insert into aval_linhas values ('AGU10',6404417,'S40',40,41,0.2842,0.1447,0,1,60.0000,25.0000,0,0)
insert into aval_linhas values ('AGU10',6404417,'S41',41,42,1.059,0.9337,0,1,60.0000,20.0000,0,0)
insert into aval_linhas values ('AGU10',6404417,'S42',42,43,0.8042,0.7006,1,1,120.0000,70.0000,0,0)
insert into aval_linhas values ('AGU10',6404417,'S43',43,44,0.5075,0.2585,0,1,200.0000,600.0000,0,0)
insert into aval_linhas values ('AGU10',6404417,'S44',44,45,0.9744,0.963,0,1,150.0000,70.0000,0,0)
insert into aval_linhas values ('AGU10',6404417,'S45',45,46,0.3105,0.3619,0,1,210.0000,100.0000,0,0)
insert into aval_linhas values ('AGU10',6404417,'S46',46,47,0.341,0.5302,0,1,60.0000,40.0000,0,0)
insert into aval_linhas values ('AGU10',6404417,'S47',48,49,0.0922,0.047,0,1,90.0000,40.0000,0,0)
insert into aval_linhas values ('AGU10',6404417,'S48',49,50,0.493,0.2511,0,1,100.0000,60.0000,0,0)
insert into aval_linhas values ('AGU10',6404417,'S49',50,51,0.366,0.1864,0,1,90.0000,40.0000,0,0)
insert into aval_linhas values ('AGU10',6404417,'S50',51,52,0.3811,0.1941,0,1,120.0000,80.0000,0,0)
insert into aval_linhas values ('AGU10',6404417,'S51',52,53,0.819,0.707,0,1,60.0000,30.0000,0,0)
insert into aval_linhas values ('AGU10',6404417,'S52',53,54,0.1872,0.6188,0,1,60.0000,20.0000,0,0)
insert into aval_linhas values ('AGU10',6404417,'S53',54,55,0.7114,0.2351,0,1,200.0000,100.0000,0,0)
insert into aval_linhas values ('AGU10',6404417,'S54',55,56,1.03,0.74,0,1,200.0000,100.0000,0,0)
insert into aval_linhas values ('AGU10',6404417,'S55',56,57,1.044,0.74,0,1,60.0000,20.0000,0,0)
insert into aval_linhas values ('AGU10',6404417,'S56',57,58,0.1966,0.065,0,1,60.0000,20.0000,0,0)
insert into aval_linhas values ('AGU10',6404417,'S57',58,59,0.3744,0.1238,0,1,45.0000,30.0000,0,0)
insert into aval_linhas values ('AGU10',6404417,'S58',59,60,1.468,1.155,1,1,60.0000,35.0000,0,0)
insert into aval_linhas values ('AGU10',6404417,'S59',60,61,0.5416,0.7129,0,1,60.0000,35.0000,0,0)
insert into aval_linhas values ('AGU10',6404417,'S60',61,62,0.591,0.526,0,1,120.0000,80.0000,0,0)
insert into aval_linhas values ('AGU10',6404417,'S61',62,63,0.7463,0.545,0,1,60.0000,10.0000,0,0)
insert into aval_linhas values ('AGU10',6404417,'S62',63,64,1.289,1.721,0,1,60.0000,20.0000,0,0)
insert into aval_linhas values ('AGU10',6404417,'S63',64,65,0.732,0.574,0,1,60.0000,20.0000,0,0)
insert into aval_linhas values ('AGU10',6404417,'S64',12,65,0.732,0.574,3,1,60.0000,20.0000,0,0)
insert into aval_linhas values ('AGU10',6404417,'S65',14,31,0.732,0.574,3,1,60.0000,20.0000,0,0)
insert into aval_linhas values ('AGU10',6404417,'S66',47,54,0.732,0.574,3,1,60.0000,20.0000,0,0)
